-- phpMyAdmin SQL Dump
-- version 5.2.1
-- https://www.phpmyadmin.net/
--
-- Gép: 127.0.0.1
-- Létrehozás ideje: 2026. Ápr 15. 21:34
-- Kiszolgáló verziója: 10.4.32-MariaDB
-- PHP verzió: 8.2.12

SET SQL_MODE = "NO_AUTO_VALUE_ON_ZERO";
START TRANSACTION;
SET time_zone = "+00:00";


/*!40101 SET @OLD_CHARACTER_SET_CLIENT=@@CHARACTER_SET_CLIENT */;
/*!40101 SET @OLD_CHARACTER_SET_RESULTS=@@CHARACTER_SET_RESULTS */;
/*!40101 SET @OLD_COLLATION_CONNECTION=@@COLLATION_CONNECTION */;
/*!40101 SET NAMES utf8mb4 */;

--
-- Adatbázis: `database`
--
CREATE DATABASE IF NOT EXISTS `database` DEFAULT CHARACTER SET utf8mb4 COLLATE utf8mb4_general_ci;
USE `database`;

-- --------------------------------------------------------

--
-- Tábla szerkezet ehhez a táblához `chat_messages`
--

DROP TABLE IF EXISTS `chat_messages`;
CREATE TABLE `chat_messages` (
  `id` int(11) NOT NULL,
  `major` varchar(100) NOT NULL,
  `user_id` int(11) DEFAULT NULL,
  `message` text NOT NULL,
  `timestamp` datetime NOT NULL DEFAULT current_timestamp(),
  `anonymous` tinyint(1) NOT NULL DEFAULT 0,
  `anonymous_name` varchar(64) DEFAULT NULL,
  `reply_to_id` int(11) DEFAULT NULL
) ENGINE=InnoDB DEFAULT CHARSET=utf8mb4 COLLATE=utf8mb4_general_ci;

--
-- A tábla adatainak kiíratása `chat_messages`
--

INSERT INTO `chat_messages` (`id`, `major`, `user_id`, `message`, `timestamp`, `anonymous`, `anonymous_name`, `reply_to_id`) VALUES
(1, 'Gazdaságinformatikus', 17, 'Sziasztok Hallgatók!', '2025-07-02 11:23:01', 0, NULL, NULL),
(30, 'Mérnökinformatikus', 26, 'Sziasztok', '2025-07-06 16:03:35', 0, NULL, NULL),
(36, 'Programtervező informatikus', 53, 'Sziasztok, van itt programtervezős?', '2025-07-06 20:59:20', 0, NULL, NULL),
(37, 'Gazdaságinformatikus', 17, 'Sziasztok, van itt programtervezős?Sziasztok, van itt programtervezős?Sziasztok, van itt programtervezős?Sziasztok, van itt programtervezős?Sziasztok, van itt programtervezős?Sziasztok, van itt programtervezős?Sziasztok, van itt programtervezős?Sziasztok, van itt programtervezős?Sziasztok, van itt programtervezős?Sziasztok, van itt programtervezős?Sziasztok, van itt programtervezős?Sziasztok, van itt programtervezős?Sziasztok, van itt programtervezős?Sziasztok, van itt programtervezős?Sziasztok, van itt programtervezős?Sziasztok, van itt programtervezős?Sziasztok, van itt programtervezős?Sziasztok, van itt programtervezős?Sziasztok, van itt programtervezős?Sziasztok, van itt programtervezős?Sziasztok, van itt programtervezős?Sziasztok, van itt programtervezős?Sziasztok, van itt programtervezős?Sziasztok, van itt programtervezős?Sziasztok, van itt programtervezős?Sziasztok, van itt programtervezős?Sziasztok, van itt programtervezős?Sziasztok, van itt programtervezős?Sziasztok, van itt programtervezős?Sziasztok, van itt programtervezős?Sziasztok, van itt programtervezős?Sziasztok, van itt programtervezős?Sziasztok, van itt programtervezős?Sziasztok, van itt programtervezős?Sziasztok, van itt programtervezős?Sziasztok, van itt programtervezős?Sziasztok, van itt programtervezős?Sziasztok, van itt programtervezős?Sziasztok, van itt programtervezős?Sziasztok, van itt programtervezős?Sziasztok, van itt programtervezős?Sziasztok, van itt programtervezős?Sziasztok, van itt programtervezős?Sziasztok, van itt programtervezős?Sziasztok, van itt programtervezős?Sziasztok, van itt programtervezős?', '2025-07-06 21:42:21', 0, NULL, NULL),
(38, 'Mérnökinformatikus', 26, 'Sziasztok, van itt programtervezős?Sziasztok, van itt programtervezős?Sziasztok, van itt programtervezős?Sziasztok, van itt programtervezős?Sziasztok, van itt programtervezős?Sziasztok, van itt programtervezős?Sziasztok, van itt programtervezős?Sziasztok, van itt programtervezős?Sziasztok, van itt programtervezős?Sziasztok, van itt programtervezős?Sziasztok, van itt programtervezős?Sziasztok, van itt programtervezős?Sziasztok, van itt programtervezős?Sziasztok, van itt programtervezős?Sziasztok, van itt programtervezős?Sziasztok, van itt programtervezős?Sziasztok, van itt programtervezős?Sziasztok, van itt programtervezős?Sziasztok, van itt programtervezős?', '2025-07-06 22:50:34', 0, NULL, NULL),
(47, 'Mérnökinformatikus', 26, 'Szia hogy vagy?', '2025-07-07 16:15:43', 0, NULL, NULL),
(67, 'Villamosmérnök', 55, 'Remélem az életben nem kapsz diplomát', '2025-07-11 19:09:38', 0, NULL, NULL),
(68, 'Gazdaságinformatikus', 57, 'Kys', '2025-07-23 12:55:41', 1, 'Anon#57875', NULL),
(69, 'Gazdaságinformatikus', 60, 'Sziasztook!', '2025-10-17 22:11:34', 0, NULL, NULL),
(70, 'Gazdaságinformatikus', 17, 'Csumika', '2025-12-18 21:14:55', 0, NULL, 69),
(71, 'Gazdaságinformatikus', 17, 'Ez egy anonim üzenet', '2025-12-18 21:15:08', 1, 'Anon#17245', NULL),
(72, 'Gazdaságinformatikus', 17, '😅😅😅', '2025-12-18 21:16:06', 0, NULL, NULL),
(73, 'Gazdaságinformatikus', 57, 'asd', '2026-03-24 10:26:58', 1, 'Anon#57875', NULL),
(74, 'Gazdaságinformatikus', 57, 'asd', '2026-03-24 10:27:01', 0, NULL, NULL),
(75, 'Gazdaságinformatikus', 17, 'szia', '2026-03-25 21:02:40', 0, NULL, NULL),
(76, 'Computer Science', 17, '🦿🦿🦿', '2026-04-15 17:09:38', 0, NULL, NULL),
(77, 'Computer Science', 17, '😄', '2026-04-15 18:33:03', 0, NULL, NULL);

-- --------------------------------------------------------

--
-- Tábla szerkezet ehhez a táblához `chat_reaction`
--

DROP TABLE IF EXISTS `chat_reaction`;
CREATE TABLE `chat_reaction` (
  `id` int(11) NOT NULL,
  `message_id` int(11) NOT NULL,
  `user_id` int(11) NOT NULL,
  `emoji` varchar(32) NOT NULL,
  `created_at` datetime DEFAULT current_timestamp()
) ENGINE=InnoDB DEFAULT CHARSET=utf8mb4 COLLATE=utf8mb4_general_ci;

--
-- A tábla adatainak kiíratása `chat_reaction`
--

INSERT INTO `chat_reaction` (`id`, `message_id`, `user_id`, `emoji`, `created_at`) VALUES
(3, 1, 17, '🦊', '2025-07-02 19:29:17'),
(7, 1, 26, '🦊', '2025-07-03 14:21:38'),
(13, 30, 26, '😃', '2025-07-06 20:47:10'),
(19, 36, 53, '🦊', '2025-07-06 21:31:50'),
(25, 67, 17, '🤪', '2025-07-11 19:14:50'),
(26, 74, 57, '😂', '2026-03-24 10:27:09'),
(27, 74, 17, '🫠', '2026-04-15 14:37:53'),
(28, 77, 17, '😅', '2026-04-15 18:35:31');

-- --------------------------------------------------------

--
-- Tábla szerkezet ehhez a táblához `courses`
--

DROP TABLE IF EXISTS `courses`;
CREATE TABLE `courses` (
  `id` int(11) NOT NULL,
  `course_code` varchar(50) NOT NULL,
  `name` varchar(255) NOT NULL,
  `name_en` varchar(255) DEFAULT NULL
) ENGINE=InnoDB DEFAULT CHARSET=utf8mb4 COLLATE=utf8mb4_general_ci;

--
-- A tábla adatainak kiíratása `courses`
--

INSERT INTO `courses` (`id`, `course_code`, `name`, `name_en`) VALUES
(64, 'MBNXK111E', 'Diszkrét matematika I. ea', 'Discrete Mathematics I. lecture'),
(65, 'MBNXK111G', 'Diszkrét matematika I. gy', 'Discrete Mathematics I. practice'),
(66, 'MBNXK262E', 'A sztochasztika alapjai ea', 'Basics of Stochastics lecture'),
(67, 'MBNXK262G', 'A sztochasztika alapjai gy', 'Basics of Stochastics practice'),
(68, 'MBNX363E', 'Alkalmazott statisztika ea', 'Applied Statistics lecture'),
(69, 'MBNX363G', 'Alkalmazott statisztika lab', 'Applied Statistics lab'),
(70, 'MBNLK311E', 'Kalkulus I. ea', 'Calculus I. lecture'),
(71, 'MBNLK311G', 'Kalkulus I. gy', 'Calculus I. practice'),
(72, 'IBK304e', 'Algoritmusok és adatszerkezetek I. ea', 'Algorithms and Data Structures I. lecture'),
(73, 'IBK304g', 'Algoritmusok és adatszerkezetek I. gy', 'Algorithms and Data Structures I. practice'),
(74, 'IBK404e', 'Algoritmusok és adatszerkezetek II. ea', 'Algorithms and Data Structures II. lecture'),
(75, 'IBK404g', 'Algoritmusok és adatszerkezetek II. gy', 'Algorithms and Data Structures II. practice'),
(76, 'IB371e', 'Számítástudomány alapjai ea', 'Foundations of Computer Science lecture'),
(77, 'IB371g', 'Számítástudomány alapjai gy', 'Foundations of Computer Science practice'),
(78, 'GBN509E', 'EU alapismeretek ea', 'EU Basics lecture'),
(79, 'GKBN04E', 'Mikroökonómia I. ea', 'Microeconomics I. lecture'),
(80, 'GKBN04S', 'Mikroökonómia I. gy', 'Microeconomics I. practice'),
(81, 'GKBN05E', 'Makroökonómia I. ea', 'Macroeconomics I. lecture'),
(82, 'GKBN06E', 'Menedzsment ea', 'Management lecture'),
(83, 'GKBN07E', 'Marketing I. ea', 'Marketing I. lecture'),
(84, 'GKBN08E', 'Számvitel alapjai ea', 'Basics of Accounting lecture'),
(85, 'GKBN08S', 'Számvitel alapjai gy', 'Basics of Accounting practice'),
(86, 'GKBN09E', 'Vállalati pénzügyek I. ea', 'Corporate Finance I. lecture'),
(87, 'GKBN09S', 'Vállalati pénzügyek I. gy', 'Corporate Finance I. practice'),
(88, 'GKBN13E', 'Termelésmenedzsment ea', 'Production Management lecture'),
(89, 'GKBN13S', 'Termelésmenedzsment gy', 'Production Management practice'),
(90, 'GKBN15E', 'Pénzügyi alapismeretek ea', 'Basics of Finance lecture'),
(91, 'IB1911e', 'Gazdasági informatika ea', 'Business Informatics lecture'),
(92, 'IB1911g', 'Gazdasági informatika lab', 'Business Informatics lab'),
(93, 'GKBN41E', 'Költségkapcsolatok ea', 'Cost Relations lecture'),
(94, 'IB041e', 'Multimédia ea', 'Multimedia lecture'),
(95, 'IB041g', 'Multimédia lab', 'Multimedia lab'),
(96, 'IB153e', 'Rendszerfejlesztés I. ea', 'System Development I. lecture'),
(97, 'IB153l', 'Rendszerfejlesztés I. lab', 'System Development I. lab'),
(98, 'IBNa1017E', 'Szoftverfejlesztési folyamatok ea', 'Software Development Processes lecture'),
(99, 'IBNa1017L', 'Szoftverfejlesztési folyamatok gy', 'Software Development Processes practice'),
(100, 'IBK154e', 'Mesterséges intelligencia I. ea', 'Artificial Intelligence I. lecture'),
(101, 'IBK154g', 'Mesterséges intelligencia I. gy', 'Artificial Intelligence I. practice'),
(102, 'IB155e', 'Számítógépes grafika ea', 'Computer Graphics lecture'),
(103, 'IB155l', 'Számítógépes grafika lab', 'Computer Graphics lab'),
(104, 'IB162E', 'Számítógép architektúrák ea', 'Computer Architectures lecture'),
(105, 'IBK203e', 'Operációkutatás I. ea', 'Operations Research I. lecture'),
(106, 'IBK203g', 'Operációkutatás I. gy', 'Operations Research I. practice'),
(107, 'IBNa1003E', 'Optimalizálási algoritmusok ea', 'Optimization Algorithms lecture'),
(108, 'IBNa1003L', 'Optimalizálási algoritmusok gy', 'Optimization Algorithms practice'),
(109, 'IBK301e', 'Közelítő és szimbolikus számítások I. ea', 'Approximate and Symbolic Computations I. lecture'),
(110, 'IBK301g', 'Közelítő és szimbolikus számítások I. lab', 'Approximate and Symbolic Computations I. lab'),
(111, 'IBNa1015E', 'Numerikus számítások ea', 'Numerical Computations lecture'),
(112, 'IBNa1015L', 'Numerikus számítások gy', 'Numerical Computations practice'),
(113, 'IB302e', 'Programozás II. ea', 'Programming II. lecture'),
(114, 'IB302g', 'Programozás II. gy', 'Programming II. practice'),
(115, 'IB309e', 'Döntési rendszerek ea', 'Decision Systems lecture'),
(116, 'IB309g', 'Döntési rendszerek gy', 'Decision Systems practice'),
(117, 'IB402e', 'Operációs rendszerek ea', 'Operating Systems lecture'),
(118, 'IB402g', 'Operációs rendszerek lab', 'Operating Systems lab'),
(119, 'IB405e', 'Programozási nyelvek ea', 'Programming Languages lecture'),
(120, 'IB405g', 'Programozási nyelvek lab', 'Programming Languages lab'),
(121, 'IB407e', 'Számítógép-hálózatok ea', 'Computer Networks lecture'),
(122, 'IB414-2e', 'Alkalmazásfejlesztés I. ea', 'Application Development I. lecture'),
(123, 'IB414-2g', 'Alkalmazásfejlesztés I. lab', 'Application Development I. lab'),
(124, 'IB570e', 'Alkalmazásfejlesztés II. ea', 'Application Development II. lecture'),
(125, 'IB570g', 'Alkalmazásfejlesztés II. lab', 'Application Development II. lab'),
(126, 'IB501e', 'Adatbázisok ea', 'Databases lecture'),
(127, 'IB501g', 'Adatbázisok lab', 'Databases lab'),
(128, 'IB611e', 'Rendszerfejlesztés II. ea', 'System Development II. lecture'),
(129, 'IB611g', 'Rendszerfejlesztés II. gy', 'System Development II. practice'),
(130, 'IB714e', 'Web tervezés ea', 'Web Design lecture'),
(131, 'IB714g', 'Web tervezés lab', 'Web Design lab'),
(132, 'IB716E', 'Információbiztonság ea', 'Information Security lecture'),
(133, 'IB716L', 'Információbiztonság lab', 'Information Security lab'),
(134, 'IB104E', 'Programozás alapjai ea', 'Basics of Programming lecture'),
(135, 'IB104L', 'Programozás alapjai lab', 'Basics of Programming lab'),
(136, 'IB204E-00001', 'Programozás I. ea', 'Programming I. lecture'),
(137, 'IB204L', 'Programozás I. lab', 'Programming I. lab'),
(138, 'IBNa1001E', 'Programozás alapjai (ea)', 'Basics of Programming (lecture)'),
(139, 'IBNa1001L', 'Programozás alapjai (gy)', 'Basics of Programming (practice)'),
(140, 'IBNa1002E', 'Objektumorientált programozás (ea)', 'Object-Oriented Programming (lecture)'),
(141, 'IBNa1002L', 'Objektumorientált programozás (gy)', 'Object-Oriented Programming (practice)'),
(142, 'IBNa1016E', 'Gépközeli programozás (ea)', 'Low-level Programming (lecture)'),
(143, 'IBNma1016L', 'Gépközeli programozás (ea)', 'Low-level Programming (lecture)'),
(144, 'GBN417E', 'Környezetvédelem és minőségügyi alapismeretek ea', 'Environmental Protection and Quality Management lecture'),
(145, 'IB372E', 'Logikai következtetési rendszerek (ea)', 'Logical Reasoning Systems (lecture)'),
(146, 'IB372G', 'Logikai következtetési rendszerek (gy)', 'Logical Reasoning Systems (practice)'),
(147, 'IB407g', 'Számítógép-hálózatok lab', 'Computer Networks lab'),
(148, 'IB152e', 'Adatbázis alapú rendszerek ea', 'Database-based Systems lecture'),
(149, 'IB152l', 'Adatbázis alapú rendszerek lab', 'Database-based Systems lab'),
(150, 'IBNa1005E', 'Személyes és szociális készségek', 'Personal and Social Skills'),
(151, 'IBNa1004L', 'Egyetemi informatikai alapok', 'University IT Basics'),
(152, 'IB_SK5e', 'Speciálkollégium (ea_gi) ea', 'Special College (ea_gi) lecture'),
(153, 'IB001e', 'Speciálkollégium 1. (ea) ea', 'Special College 1. (lecture) lecture'),
(154, 'IB001giE', 'Speciálkollégium 1. (ea_gi) ea', 'Special College 1. (ea_gi) lecture'),
(155, 'IB002e', 'Speciálkollégium 2. (ea+gy) ea', 'Special College 2. (lecture+practice) lecture'),
(156, 'IB002g', 'Speciálkollégium 2. (ea+gy) gy', 'Special College 2. (lecture+practice) practice'),
(157, 'IB002giE', 'Speciálkollégium 2. (ea+lab_gi) ea', 'Special College 2. (lecture+lab_gi) lecture'),
(158, 'IB002giL', 'Speciálkollégium 2. (ea+lab_gi) lab', 'Special College 2. (lecture+lab_gi) lab'),
(159, 'IB003e', 'Speciálkollégium 3. (ea+lab) ea', 'Special College 3. (lecture+lab) lecture'),
(160, 'IB003l', 'Speciálkollégium 3. (ea+lab) lab', 'Special College 3. (lecture+lab) lab'),
(161, 'IB003giE', 'Speciálkollégium 3. (ea+lab_gi) ea', 'Special College 3. (lecture+lab_gi) lecture'),
(162, 'IB003giL', 'Speciálkollégium 3. (ea+lab_gi) lab', 'Special College 3. (lecture+lab_gi) lab'),
(163, 'IB004e', 'Speciálkollégium 4. (ea+lab_2) ea', 'Special College 4. (lecture+lab_2) lecture'),
(164, 'IB004g', 'Speciálkollégium 4. (ea+lab_2) lab', 'Special College 4. (lecture+lab_2) lab'),
(165, 'IB006L', 'Speciálkollégium 6. (lab) lab', 'Special College 6. (lab) lab'),
(166, 'IB009L', 'Speciálkollégium 9. (lab) lab', 'Special College 9. (lab) lab'),
(167, 'IB042e', 'Digitális képfeldolgozás ea', 'Digital Image Processing lecture'),
(168, 'IB042g', 'Digitális képfeldolgozás lab', 'Digital Image Processing lab'),
(169, 'IB411e', 'Számítógéppel támogatott tervezés ea', 'Computer-Aided Design lecture'),
(170, 'IBK615e', 'Hardware és software rendszerek verifikációja ea', 'Hardware and Software Systems Verification lecture'),
(171, 'IBK615g', 'Hardware és software rendszerek verifikációja gy', 'Hardware and Software Systems Verification practice'),
(172, 'IB676e', 'Assembly programozás ea', 'Assembly Programming lecture'),
(173, 'IB676l', 'Assembly programozás lab', 'Assembly Programming lab'),
(174, 'IB678e', 'Ipari hálózatok ea', 'Industrial Networks lecture'),
(175, 'IB678l', 'Ipari hálózatok lab', 'Industrial Networks lab'),
(176, 'IB679e', 'Valós idejű programozás ea', 'Real-Time Programming lecture'),
(177, 'IB679l', 'Valós idejű programozás lab', 'Real-Time Programming lab'),
(178, 'IBT001E', 'Nyíltforrású szoftverfejlesztés ea', 'Open Source Software Development lecture'),
(179, 'IBT002E', 'Szoftverminőség biztosítása a gyakorlati szoftverfejleszté', 'Software Quality Assurance in Practical Software Development lecture'),
(180, 'IBT003E', 'Mobil hálózatok és alkalmazásaik ea', 'Mobile Networks and Applications lecture'),
(181, 'IBT004E', 'Modell alapú szoftverfejlesztés mobil eszközökre ea', 'Model-Based Software Development for Mobile Devices lecture'),
(182, 'IBT005E', 'SOA alapú skálázható alkalmazások fejlesztése ea', 'SOA-based Scalable Application Development lecture'),
(183, 'IBT007E', 'Nyelv- és beszédfeldolgozás ea', 'Language and Speech Processing lecture'),
(184, 'IBT008E', 'Számítógépes képelemzés ea', 'Computer Image Analysis lecture'),
(185, 'IBT009E', 'Modellezés a Matlabban ea', 'Modeling in Matlab lecture'),
(186, 'IBT010E', 'Bevezetés az intervallum-analízisbe ea', 'Introduction to Interval Analysis lecture'),
(187, 'IBT011E', 'Programelemzési módszerek a gyakorlatban ea', 'Program Analysis Methods in Practice lecture'),
(188, 'IBT012E', 'Szoftver-visszatervezés és gyakorlati alkalmazásai ea', 'Software Reverse Engineering and Practical Applications lecture'),
(189, 'IBT013E', 'ACM feladatmegoldás: technikák és trükkök ea', 'ACM Problem Solving: Techniques and Tricks lecture'),
(190, 'MBNXK112E', 'Diszkrét matematika II. ea', 'Discrete Mathematics II. lecture'),
(191, 'MBNXK112G', 'Diszkrét matematika II. gy', 'Discrete Mathematics II. practice'),
(192, 'MBNXK114E', 'Diszkrét matematika III. ea', 'Discrete Mathematics III. lecture'),
(193, 'MBNXK114G', 'Diszkrét matematika III. gy', 'Discrete Mathematics III. practice'),
(194, 'MBNXK313E', 'Kalkulus II. ea', 'Calculus II. lecture'),
(195, 'MBNXK313G', 'Kalkulus II. gy', 'Calculus II. practice'),
(196, 'IB470e', 'Mobil alkalmazásfejlesztés ea', 'Mobile Application Development lecture'),
(197, 'IB470g', 'Mobil alkalmazásfejlesztés lab', 'Mobile Application Development lab'),
(198, 'IB471e', 'Webfejlesztési keretrendszerek ea', 'Web Development Frameworks lecture'),
(199, 'IB471g', 'Webfejlesztési keretrendszerek lab', 'Web Development Frameworks lab'),
(200, 'IB472', 'Multiplatform alkalmazásfejlesztés C++-ban', 'Multiplatform Application Development in C++'),
(201, 'IBK004e', 'Szoftvertesztelés alapjai ea', 'Software Testing Basics lecture'),
(202, 'IBK004g', 'Szoftvertesztelés alapjai gy', 'Software Testing Basics practice'),
(203, 'IB670e', 'Agilis szoftverfejlesztés ea', 'Agile Software Development lecture'),
(204, 'IB670g', 'Agilis szoftverfejlesztés lab', 'Agile Software Development lab'),
(205, 'IB370e', 'Szkriptnyelvek ea', 'Scripting Languages lecture'),
(206, 'IB370g', 'Szkriptnyelvek lab', 'Scripting Languages lab'),
(207, 'IB913E', 'Ipargazdaságtan ea', 'Industrial Economics lecture'),
(208, 'IB000gi14G', 'Szakmai gyakorlat', 'Professional Practice'),
(209, 'IB970', 'Szakdolgozat készítése 1. (gi)', 'Thesis Preparation 1. (gi)'),
(210, 'IB975', 'Szakdolgozat készítése 2. (gi)', 'Thesis Preparation 2. (gi)'),
(211, 'PE_BASKET', 'Kosárlabda', 'Basketball'),
(212, 'PE_FOOTBALL', 'Labdarúgás', 'Football'),
(213, 'PE_VOLLEY', 'Röplabda', 'Volleyball'),
(214, 'PE_SWIM', 'Úszás', 'Swimming'),
(215, 'PE_TENNIS', 'Tenisz', 'Tennis'),
(216, 'PE_TABLETENNIS', 'Asztalitenisz', 'Table Tennis'),
(217, 'PE_RUN', 'Futás', 'Running'),
(218, 'PE_GYM', 'Tornatermi edzés', 'Gym Training'),
(219, 'PE_YOGA', 'Jóga', 'Yoga'),
(220, 'PE_BADMINTON', 'Tollaslabda', 'Badminton'),
(222, 'VALAMI', 'Valami', 'Something'),
(223, 'MBNXK311E', 'Kalkulus I.', 'Kalkulus I.'),
(224, 'MBNXK311G', 'Kalkulus I.', 'Kalkulus I.'),
(225, 'IB204E', 'Programozás I. (tehetséggondozó program)', 'Programozás I. (tehetséggondozó program)'),
(226, 'IBNA1016L', 'Gépközeli programozás (gy)', 'Gépközeli programozás (gy)'),
(227, 'IBK604E', 'Logika és informatikai alkalmazásai', 'Logika és informatikai alkalmazásai'),
(228, 'IBK604G', 'Logika és informatikai alkalmazásai gyakorlat', 'Logika és informatikai alkalmazásai gyakorlat'),
(229, 'IBK309E', 'Döntéselméleti rendszerek', 'Döntéselméleti rendszerek'),
(230, 'IBK309G', 'Döntéselméleti rendszerek gyakorlat', 'Döntéselméleti rendszerek gyakorlat'),
(231, 'IB076E', 'Új elvű számítások az informatikában', 'Új elvű számítások az informatikában'),
(232, 'IB077E', 'Funkcionális programozás és lambda-kalkulus', 'Funkcionális programozás és lambda-kalkulus'),
(233, 'IB091E', 'Kvantum programozás', 'Kvantum programozás'),
(234, 'IB304PTIG', 'Algoritmusok és adatszerkezetek a gyakorlatban', 'Algoritmusok és adatszerkezetek a gyakorlatban'),
(235, 'IBV117E', 'Validalt mesterséges intelligencia ismeretek', 'Validalt mesterséges intelligencia ismeretek'),
(236, 'IBK403E', 'Formális nyelvek', 'Formális nyelvek'),
(237, 'IBK403G', 'Formális nyelvek gyakorlat', 'Formális nyelvek gyakorlat'),
(238, 'IBK507E', 'Bonyolultságelmélet', 'Bonyolultságelmélet'),
(239, 'IBK507G', 'Bonyolultságelmélet gyakorlat', 'Bonyolultságelmélet gyakorlat'),
(240, 'IBNA1018E', 'Számítástudomány ea', 'Számítástudomány ea'),
(241, 'IBNA1018L', 'Számítástudomány gy', 'Számítástudomány gy'),
(242, 'IN1062EA', 'Fejlett Optimalizálási Módszerek', 'Fejlett Optimalizálási Módszerek'),
(243, 'IN1062GA', 'Fejlett Optimalizálási Módszerek gyakorlat', 'Fejlett Optimalizálási Módszerek gyakorlat'),
(244, 'IN1026EA', 'Versenyfeladatok megoldása VI.', 'Versenyfeladatok megoldása VI.'),
(245, 'IBK911E', 'Gazdasági informatika', 'Gazdasági informatika'),
(246, 'IBK911G', 'Gazdasági informatika gyak.', 'Gazdasági informatika gyak.'),
(247, 'IB078G', 'Játékfejleszés Unity-ben', 'Játékfejleszés Unity-ben'),
(248, 'IB080E', 'Térinformatika előadás', 'Térinformatika előadás'),
(249, 'IB080G', 'Térinformatika gyakorlat', 'Térinformatika gyakorlat'),
(250, 'IB472E', 'Multiplatform alkalmazásfejlesztés C++-ban', 'Multiplatform alkalmazásfejlesztés C++-ban'),
(251, 'IB085E', 'Elosztott szoftverrendszerek fejlesztésének általános és egészségügyi alkalmazása', 'Elosztott szoftverrendszerek fejlesztésének általános és egészségügyi alkalmazása'),
(252, 'IB085G', 'Elosztott szoftverrendszerek fejlesztésének általános és egészségügyi alkalmazása', 'Elosztott szoftverrendszerek fejlesztésének általános és egészségügyi alkalmazása'),
(253, 'IB521E', 'Gépi tanulás a gyakorlatban', 'Gépi tanulás a gyakorlatban'),
(254, 'IB521G', 'Gépi tanulás a gyakorlatban', 'Gépi tanulás a gyakorlatban'),
(255, 'IB088G', 'Python programozás a gyakorlatban', 'Python programozás a gyakorlatban'),
(256, 'IB089E', 'Szövegfeldolgozás mesterséges intelligencia alapokon', 'Szövegfeldolgozás mesterséges intelligencia alapokon'),
(257, 'IB089G', 'Szövegfeldolgozás mesterséges intelligencia alapokon', 'Szövegfeldolgozás mesterséges intelligencia alapokon'),
(258, 'IB222E', 'Funkcionális programozás a gyakorlatban', 'Funkcionális programozás a gyakorlatban'),
(259, 'IB222G', 'Funkcionális programozás a gyakorlatban', 'Funkcionális programozás a gyakorlatban'),
(260, 'IB0076G', 'Adatelemzés a szociális médiában', 'Adatelemzés a szociális médiában'),
(261, 'IB00129G', 'Számítógépes beszédelemzés', 'Számítógépes beszédelemzés'),
(262, 'IB0114G', 'Nagy mennyiségű adatfeldolgozás (Lufthansa Systems)', 'Nagy mennyiségű adatfeldolgozás (Lufthansa Systems)'),
(263, 'IB0115G', 'Megerősítéses tanulás a gyakorlatban', 'Megerősítéses tanulás a gyakorlatban'),
(264, 'IB0103E', 'ACM versenyfeladatok megoldása II.', 'ACM versenyfeladatok megoldása II.'),
(265, 'IB0120E', 'Informatikai hálózatépítő ea. (CCNP I.)', 'Informatikai hálózatépítő ea. (CCNP I.)'),
(266, 'IB0120G', 'Informatikai hálózatépítő gyakorlat (CCNP I.)', 'Informatikai hálózatépítő gyakorlat (CCNP I.)'),
(267, 'IB0121G', 'Előadói készségfejlesztés', 'Előadói készségfejlesztés'),
(268, 'IN1047EA', 'Szkriptprogramozás', 'Szkriptprogramozás'),
(269, 'IN1047LA', 'Szkriptprogramozás gy.', 'Szkriptprogramozás gy.'),
(270, 'IB001PIE', 'Logisztika I.', 'Logisztika I.'),
(271, 'IB011E', 'UX Design', 'UX Design'),
(272, 'IB688E', 'Inform. hálózatépítô (Cisco) I/A', 'Inform. hálózatépítô (Cisco) I/A'),
(273, 'IB689E', 'Inform. hálózatépítô (Cisco) II.', 'Inform. hálózatépítô (Cisco) II.'),
(274, 'IB688L', 'Inform. hálózatépítô (Cisco) I/B', 'Inform. hálózatépítô (Cisco) I/B'),
(275, 'IB689L', 'Inform. hálózatépítô (Cisco) II. gyak.', 'Inform. hálózatépítô (Cisco) II. gyak.'),
(276, 'IB003PIE', 'Ügyviteli rendszerek hatékony fejlesztése Magic xpa-val mobilos funkciókkal kiegészítve (kezdő)', 'Ügyviteli rendszerek hatékony fejlesztése Magic xpa-val mobilos funkciókkal kiegészítve (kezdő)'),
(277, 'IB003PIL', 'Ügyviteli rendszerek hatékony fejlesztése Magic xpa-val mobilos funkciókkal kiegészítve (kezdő)', 'Ügyviteli rendszerek hatékony fejlesztése Magic xpa-val mobilos funkciókkal kiegészítve (kezdő)'),
(278, 'IB010E', 'Gépi tanulás a gyakorlatban', 'Gépi tanulás a gyakorlatban'),
(279, 'IB081E', 'Heterogén szoftverfejlesztés alkalmazott technológiái', 'Heterogén szoftverfejlesztés alkalmazott technológiái'),
(280, 'IB081G', 'Heterogén szoftverfejlesztés alkalmazott technológiái', 'Heterogén szoftverfejlesztés alkalmazott technológiái'),
(281, 'IB082E', 'IT Élet – Mi vár rád a munkahelyen?', 'IT Élet – Mi vár rád a munkahelyen?'),
(282, 'IB083G', 'Keresztplatformos mobilfejlesztés', 'Keresztplatformos mobilfejlesztés'),
(283, 'IB084E', 'Igazságügyi képelemzés', 'Igazságügyi képelemzés'),
(284, 'IB079E', '3D vizuális adatok elemzése', '3D vizuális adatok elemzése'),
(285, 'IB086E', 'Szoftvertermékek fejlesztési folyamatai és esettanulmányok', 'Szoftvertermékek fejlesztési folyamatai és esettanulmányok'),
(286, 'IB086G', 'Szoftvertermékek fejlesztési folyamatai és esettanulmányok gyakorlat', 'Szoftvertermékek fejlesztési folyamatai és esettanulmányok gyakorlat'),
(287, 'IB087E', 'Spring Üzleti Alkalmazások Fejlesztése', 'Spring Üzleti Alkalmazások Fejlesztése'),
(288, 'IB087G', 'Spring Üzleti Alkalmazások Fejlesztése gyakorlat', 'Spring Üzleti Alkalmazások Fejlesztése gyakorlat'),
(289, 'IBV001E', 'Validált szakmai ismeret', 'Validált szakmai ismeret'),
(290, 'IBV001G', 'Validált gyakorlati szakmai ismeret', 'Validált gyakorlati szakmai ismeret'),
(291, 'IBV101E', 'Erasmus szakmai ismeret', 'Erasmus szakmai ismeret'),
(292, 'IBV101G', 'Erasmus gyakorlati szakmai ismeret', 'Erasmus gyakorlati szakmai ismeret'),
(293, 'IBV201G', 'Projektmunka', 'Projektmunka'),
(294, 'IB523E', 'Követelmény menedzsment', 'Követelmény menedzsment'),
(295, 'IB523L', 'Követelmény menedzsment', 'Követelmény menedzsment'),
(296, 'IB090E', 'Szövegszerkesztés felsőfokon (LaTeX)', 'Szövegszerkesztés felsőfokon (LaTeX)'),
(297, 'IB090G', 'Szövegszerkesztés felsőfokon (LaTeX)', 'Szövegszerkesztés felsőfokon (LaTeX)'),
(298, 'IB092E', 'Konvolúciós neurális hálók a képfeldolgozásban', 'Konvolúciós neurális hálók a képfeldolgozásban'),
(299, 'IB093E', 'Coursera kurzus szeminárium gépi tanulás témakörben', 'Coursera kurzus szeminárium gépi tanulás témakörben'),
(300, 'IB095L', 'A Node-RED fejlesztő eszköz használata ipari környezetben', 'A Node-RED fejlesztő eszköz használata ipari környezetben'),
(301, 'IB096E', 'Digitális logika és aszinkron áramkörök', 'Digitális logika és aszinkron áramkörök'),
(302, 'IB097L', 'Alkalmazásfejlesztés c# alapokon a modern fejlesztési irányelvek bemutatásával', 'Alkalmazásfejlesztés c# alapokon a modern fejlesztési irányelvek bemutatásával'),
(303, 'IB0100L', 'Progresszív Webalkalmazás fejlesztés TypeScriptben', 'Progresszív Webalkalmazás fejlesztés TypeScriptben'),
(304, 'IBV217L', 'Validalt mesterséges intelligencia kutatómunka', 'Validalt mesterséges intelligencia kutatómunka'),
(305, 'IB0101E', 'Idősorelemző alkalmazásai mesterséges inteligencia segitségével', 'Idősorelemző alkalmazásai mesterséges inteligencia segitségével'),
(306, 'IB0101G', 'Idősorelemző alkalmazásai mesterséges inteligencia segitségével', 'Idősorelemző alkalmazásai mesterséges inteligencia segitségével'),
(307, 'IB0102G', 'Chatbot / Voicebot autómatizáció AWS szolgáltatásokkal', 'Chatbot / Voicebot autómatizáció AWS szolgáltatásokkal'),
(308, 'IB0112E', 'Szimbolikus és numerikus számítások a Jupyter keretrendszerrel', 'Szimbolikus és numerikus számítások a Jupyter keretrendszerrel'),
(309, 'IB0112G', 'Szimbolikus és numerikus számítások a Jupyter keretrendszerrel', 'Szimbolikus és numerikus számítások a Jupyter keretrendszerrel'),
(310, 'IB0117E', 'UI/UX Design A-tól Z-ig', 'UI/UX Design A-tól Z-ig'),
(311, 'IB0123E', 'Nagyvállalati alkalmazások tesztelése', 'Nagyvállalati alkalmazások tesztelése'),
(312, 'IB0124E', 'ACM versenyfeladatok megoldása III.', 'ACM versenyfeladatok megoldása III.'),
(313, 'IB0125E', 'Introduction to Blockchain Technology', 'Introduction to Blockchain Technology'),
(314, 'IB0126E', 'Informatikai hálózatépítő (CCNP II.)', 'Informatikai hálózatépítő (CCNP II.)'),
(315, 'IB0126G', 'Informatikai hálózatépítő (CCNP II.)(M)', 'Informatikai hálózatépítő (CCNP II.)(M)'),
(316, 'IB0128', 'Jelfeldolgozás Pythonnal', 'Jelfeldolgozás Pythonnal'),
(317, 'IBNA1019S', 'Progresszív Webalkalmazás fejlesztés', 'Progresszív Webalkalmazás fejlesztés'),
(318, 'IBNA1020E', 'IT Folyamatok és vezetői ismeretek', 'IT Folyamatok és vezetői ismeretek'),
(319, 'IBNA1020G', 'IT Folyamatok és vezetői ismeretek gy', 'IT Folyamatok és vezetői ismeretek gy'),
(320, 'IBNA1027G', 'Dinamikus PaaS ismeretek online termékek fejlesztéséhez', 'Dinamikus PaaS ismeretek online termékek fejlesztéséhez'),
(321, 'IBNA1027GEN', 'Exploring PaaS for Dynamic Online Ventures', 'Exploring PaaS for Dynamic Online Ventures'),
(322, 'IBNA1029G', 'Vulkan grafikus API a gyakorlatban', 'Vulkan grafikus API a gyakorlatban'),
(323, 'IBNA1030S', 'Ügyfeleim', 'Ügyfeleim'),
(324, 'IBNA1025E', 'Versenyfeladatok megoldása V.', 'Versenyfeladatok megoldása V.'),
(325, 'IN1064EA', 'Python, MATLAB/Octave és Julia interaktív jegyzetfüzetek: a Jupyter keretrendszer', 'Python, MATLAB/Octave és Julia interaktív jegyzetfüzetek: a Jupyter keretrendszer'),
(326, 'IN1064LA', 'Python, MATLAB/Octave és Julia interaktív jegyzetfüzetek: a Jupyter keretrendszer gyakorlat', 'Python, MATLAB/Octave és Julia interaktív jegyzetfüzetek: a Jupyter keretrendszer gyakorlat'),
(327, 'IN1065SA', 'Webfejlesztési eszközök a gyakorlatban', 'Webfejlesztési eszközök a gyakorlatban'),
(328, 'IN3066SA', 'TDK Szeminárium', 'TDK Szeminárium'),
(329, 'IN3067EA', 'Backend szolgáltatások az egészségügyben', 'Backend szolgáltatások az egészségügyben'),
(330, 'IN3067EB', 'Backend szolgáltatások az egészségügyben gy.', 'Backend szolgáltatások az egészségügyben gy.'),
(331, 'IN1039EA', 'Fejlett Numerikus számítások', 'Fejlett Numerikus számítások'),
(332, 'IN1039GA', 'Fejlett Numerikus számítások gy.', 'Fejlett Numerikus számítások gy.'),
(333, 'IE2168EA', 'The UX Design Journey: Problems to products', 'The UX Design Journey: Problems to products'),
(334, 'IN2169LA', 'Beszédadatbázis-készítés', 'Beszédadatbázis-készítés'),
(335, 'IBT203G', 'Tehetséggondozás: Operációkutatás I.', 'Tehetséggondozás: Operációkutatás I.'),
(336, 'IBT301G', 'Tehetséggondozás: Közelítő és szimbolikus számítások I.', 'Tehetséggondozás: Közelítő és szimbolikus számítások I.'),
(337, 'IBT507G', 'Tehetséggondozás: Bonyolultságelmélet', 'Tehetséggondozás: Bonyolultságelmélet'),
(338, 'IBT042G', 'Tehetséggondozás: Digitális képfeldolgozás (tehetséggondozó program)', 'Tehetséggondozás: Digitális képfeldolgozás (tehetséggondozó program)'),
(339, 'IBT403G', 'Tehetséggondozás: Formális nyelvek (tehetséggondozó program)', 'Tehetséggondozás: Formális nyelvek (tehetséggondozó program)'),
(340, 'IBT604G', 'Tehetséggondozás: Logika és informatikai alkalmazásai (tehetséggondozó program)', 'Tehetséggondozás: Logika és informatikai alkalmazásai (tehetséggondozó program)'),
(341, 'IBT402G', 'Tehetséggondozás: Operációs rendszerek', 'Tehetséggondozás: Operációs rendszerek'),
(342, 'IBT202G', 'Tehetséggondozás: Programozás I.', 'Tehetséggondozás: Programozás I.'),
(343, 'IBT155G', 'Tehetséggondozás: Számítógépes grafika', 'Tehetséggondozás: Számítógépes grafika'),
(344, 'IBT304G', 'Tehetséggondozás: Algoritmusok és adatszerkezetek I.', 'Tehetséggondozás: Algoritmusok és adatszerkezetek I.'),
(345, 'IBT154G', 'Tehetséggondozás: Mesterséges intelligencia', 'Tehetséggondozás: Mesterséges intelligencia'),
(346, 'IBT618G', 'Tehetséggondozás: Irányítástechnika', 'Tehetséggondozás: Irányítástechnika'),
(347, 'IBT104L', 'Tehetséggondozás: Programozás alapjai', 'Tehetséggondozás: Programozás alapjai'),
(348, 'IN2002SA', 'Tehetséggondozás: Objektumorientált programozás', 'Tehetséggondozás: Objektumorientált programozás'),
(349, 'IN2015SA', 'Tehetséggondozás: Numerikus számítások', 'Tehetséggondozás: Numerikus számítások'),
(350, 'IB304UIG', 'Algoritmusok és adatszerkezetek a gyakorlatban', 'Algoritmusok és adatszerkezetek a gyakorlatban'),
(351, 'IB683G', 'Fuzzy rendszerek és mesterséges intelligencia', 'Fuzzy rendszerek és mesterséges intelligencia'),
(352, 'IB683E', 'Fuzzy rendszerek és mesterséges intelligencia', 'Fuzzy rendszerek és mesterséges intelligencia'),
(353, 'IB4151PTIE', 'Robotika', 'Robotika'),
(354, 'IB4151PTIG', 'Robotika labor', 'Robotika labor'),
(355, 'IB5141PTIE', 'Intelligens rendszerek', 'Intelligens rendszerek'),
(356, 'IB5141PTIG', 'Intelligens rendszerek gyakorlat', 'Intelligens rendszerek gyakorlat'),
(357, 'BSZV00', 'Biológiai műhely XVII. szemeszter', 'Biológiai műhely XVII. szemeszter'),
(358, 'FMN532E', 'Nagyintenzitású lézerek és alkalmazásaik', 'Nagyintenzitású lézerek és alkalmazásaik'),
(359, 'IBN008L', 'Speciálkollégium 8. (lab.)', 'Speciálkollégium 8. (lab.)'),
(360, 'IBN009E', 'Speciálkollégium 9. (ea. 0 kredites)', 'Speciálkollégium 9. (ea. 0 kredites)'),
(361, 'KSZV0066E', 'Kvantumkorszakok', 'Kvantumkorszakok'),
(362, 'KSZV0064E', 'Víz- és szennyvízkezelés', 'Víz- és szennyvízkezelés'),
(363, 'KSZV0069', 'Hulladékkezelés, hulladékgazdálkodás', 'Hulladékkezelés, hulladékgazdálkodás'),
(364, 'KSZV0054', 'Veszélyes anyagok a környezetünkben', 'Veszélyes anyagok a környezetünkben'),
(365, 'KSZV0068', 'Ipari baleseti esettanulmányok', 'Ipari baleseti esettanulmányok'),
(366, 'KSZV0070', 'Grafitszálak, szén-nanocsövek (szv)', 'Grafitszálak, szén-nanocsövek (szv)'),
(367, 'KSZV0060', 'Kémiai Nobel-díjasok', 'Kémiai Nobel-díjasok'),
(368, 'KSZV0270E', 'Lézerkémia', 'Lézerkémia'),
(369, 'KSZV0271G', 'Lézerkémia gyakorlat', 'Lézerkémia gyakorlat'),
(370, 'UNIV300', 'Oktatáselmélet szeminárium', 'Oktatáselmélet szeminárium'),
(371, 'XN0141', 'Angol gazdasági szaknyelv 1. szint 1x2 MK', 'Angol gazdasági szaknyelv 1. szint 1x2 MK'),
(372, 'IN0200EA', 'A mesterséges intelligencia alapjai', 'A mesterséges intelligencia alapjai'),
(373, 'IN3201EA', 'Tudományos készségfejlesztés', 'Tudományos készségfejlesztés'),
(374, 'IB3000G', 'Szakdolgozat készítése 1.', 'Szakdolgozat készítése 1.'),
(375, 'IB3001G', 'Szakdolgozat készítése 2.', 'Szakdolgozat készítése 2.'),
(376, 'IMN110E', 'Automaták és formális nyelvek', 'Automaták és formális nyelvek'),
(377, 'IMN110G', 'Automaták és formális nyelvek gyak.', 'Automaták és formális nyelvek gyak.'),
(378, 'MMN101PIE', 'Gráfelmélet', 'Gráfelmélet'),
(379, 'MMN101PIG', 'Gráfelmélet gy.', 'Gráfelmélet gy.'),
(380, 'IMN105E', 'On-line algoritmusok', 'On-line algoritmusok'),
(381, 'IMN105G', 'On-line algoritmusok gyak.', 'On-line algoritmusok gyak.'),
(382, 'IMN108E', 'Közelítő és szimb. szám. haladóknak', 'Közelítő és szimb. szám. haladóknak'),
(383, 'IMN108L', 'Közelítő és szimb. szám. haladóknak gyak.', 'Közelítő és szimb. szám. haladóknak gyak.'),
(384, 'IMN102E', 'Lineáris programozás alkalmazásai', 'Lineáris programozás alkalmazásai'),
(385, 'IMN102G', 'Lineáris programozás alkalmazásai gyak.', 'Lineáris programozás alkalmazásai gyak.'),
(386, 'IMN111E', 'A logikai és funkcionális programozás matematikai alapjai', 'A logikai és funkcionális programozás matematikai alapjai'),
(387, 'IMN075E', 'Mesterséges neuronhálók és alkalmazásaik', 'Mesterséges neuronhálók és alkalmazásaik'),
(388, 'IMN103E', 'Fejlett programozás MSc', 'Fejlett programozás MSc'),
(389, 'IMN103L', 'Fejlett programozás MSc gyak.', 'Fejlett programozás MSc gyak.'),
(390, 'IMN104E', 'Képfeldolgozás haladóknak MSc', 'Képfeldolgozás haladóknak MSc'),
(391, 'IMN104L', 'Képfeldolgozás haladóknak MSc gyak.', 'Képfeldolgozás haladóknak MSc gyak.'),
(392, 'IMN117E', 'Fejlett grafikai algoritmusok', 'Fejlett grafikai algoritmusok'),
(393, 'IMN117L', 'Fejlett grafikai algoritmusok', 'Fejlett grafikai algoritmusok'),
(394, 'IMN109E', 'Programrendszerek fejlesztése', 'Programrendszerek fejlesztése'),
(395, 'IMN109L', 'Programrendszerek fejlesztése gyakorlat', 'Programrendszerek fejlesztése gyakorlat'),
(396, 'IMN106E', 'Gépi tanulási módszerek', 'Gépi tanulási módszerek'),
(397, 'IMN106G', 'Gépi tanulási módszerek gyakorlat', 'Gépi tanulási módszerek gyakorlat'),
(398, 'MMN103E', 'Matematikai struktúrák', 'Matematikai struktúrák'),
(399, 'MMN103G', 'Matematikai struktúrák gyak.', 'Matematikai struktúrák gyak.'),
(400, 'MMN311E', 'Kódoláselmélet', 'Kódoláselmélet'),
(401, 'MMN102E', 'Analízis', 'Analízis'),
(402, 'IMN416G', 'Faautomaták gyak.', 'Faautomaták gyak.'),
(403, 'MMN102G', 'Analízis gy.', 'Analízis gy.'),
(404, 'IMN416E', 'Faautomaták', 'Faautomaták'),
(405, 'IMN213E', 'Fuzzy elmélet', 'Fuzzy elmélet'),
(406, 'IMN213G', 'Fuzzy elmélet gyak.', 'Fuzzy elmélet gyak.'),
(407, 'IMN418G', 'Kvantumszámítás gyakorlat', 'Kvantumszámítás gyakorlat'),
(408, 'IMN221E', 'Játékelmélet ea.', 'Játékelmélet ea.'),
(409, 'IMN219G', 'Globális optimalizálás gyak.', 'Globális optimalizálás gyak.'),
(410, 'IMN418E', 'Digitális képfeldolgozás', 'Digitális képfeldolgozás'),
(411, 'IMN221G', 'Játékelmélet gyak.', 'Játékelmélet gyak.'),
(412, 'IMN220E', 'Gráfelméleti algoritmusok', 'Gráfelméleti algoritmusok'),
(413, 'IMN219E', 'Globális optimalizálás', 'Globális optimalizálás'),
(414, 'IMN220G', 'Gráfelméleti algoritmusok gyak.', 'Gráfelméleti algoritmusok gyak.'),
(415, 'IMN419G', 'Modell ellenőrzés', 'Modell ellenőrzés'),
(416, 'IMN419E', 'Modell ellenőrzés', 'Modell ellenőrzés'),
(417, 'MMN116G', 'Sztochasztikus modellek gyak.', 'Sztochasztikus modellek gyak.'),
(418, 'MMN116E', 'Sztochasztikus modellek', 'Sztochasztikus modellek'),
(419, 'IMN223E', 'Nemlineáris programozás', 'Nemlineáris programozás'),
(420, 'IMN223G', 'Nemlineáris programozás gyak.', 'Nemlineáris programozás gyak.'),
(421, 'IMN420E', 'Termátíró rendszerek', 'Termátíró rendszerek'),
(422, 'IMN420G', 'Termátíró rendszerek gyak.', 'Termátíró rendszerek gyak.'),
(423, 'IMN226L', 'Tudományos és szimbólikus számítások gyak.', 'Tudományos és szimbólikus számítások gyak.'),
(424, 'IMN226E', 'Tudományos és szimbólikus számítások', 'Tudományos és szimbólikus számítások'),
(425, 'IMN227E', 'Válogatott fejezetek az operációkutatásból', 'Válogatott fejezetek az operációkutatásból'),
(426, 'IMN227G', 'Válogatott fejezetek az operációkutatásból', 'Válogatott fejezetek az operációkutatásból'),
(427, 'IMN288E', 'Beszédfelismerés', 'Beszédfelismerés'),
(428, 'IMN288G', 'Beszédfelismerés gyak.', 'Beszédfelismerés gyak.'),
(429, 'MMNX107G', 'Dinamikus modellek informatikusoknak gy.', 'Dinamikus modellek informatikusoknak gy.'),
(430, 'MMNX107E', 'Dinamikus modellek informatikusoknak', 'Dinamikus modellek informatikusoknak'),
(431, 'IMN414G', 'Intelligens ember-gép interfészek gyak.', 'Intelligens ember-gép interfészek gyak.'),
(432, 'IMN412L', 'Kriptográfia és adatbiztonság labor', 'Kriptográfia és adatbiztonság labor'),
(433, 'IMN412E', 'Kriptográfia és adatbiztonság', 'Kriptográfia és adatbiztonság'),
(434, 'IMN414E', 'Intelligens ember-gép interfészek', 'Intelligens ember-gép interfészek'),
(435, 'IMN212G', 'Döntéselméleti modellek gyak.', 'Döntéselméleti modellek gyak.'),
(436, 'IMN212E', 'Döntéselméleti modellek', 'Döntéselméleti modellek'),
(437, 'IMN426E', 'Nagyteljesítményű számítások', 'Nagyteljesítményű számítások'),
(438, 'IMN404E', 'Optimalizálás alkalmazásai', 'Optimalizálás alkalmazásai'),
(439, 'IMN404G', 'Optimalizálás alkalmazásai gyak.', 'Optimalizálás alkalmazásai gyak.'),
(440, 'IMN415G', 'Automaták és formális logika gyak.', 'Automaták és formális logika gyak.'),
(441, 'IMN415E', 'Automaták és formális logika', 'Automaták és formális logika'),
(442, 'IMN086E', 'Hálózatok és lineáris algebra', 'Hálózatok és lineáris algebra'),
(443, 'IMN261E', 'Számítógépes statisztika', 'Számítógépes statisztika'),
(444, 'IMN261L', 'Számítógépes statisztika', 'Számítógépes statisztika'),
(445, 'IMN210E', 'Adatbányászat', 'Adatbányászat'),
(446, 'IMN210G', 'Adatbányászat', 'Adatbányászat'),
(447, 'IMN241E', 'Beágyazott rendszerek', 'Beágyazott rendszerek'),
(448, 'IMN241L', 'Beágyazott rendszerek gyak.', 'Beágyazott rendszerek gyak.'),
(449, 'IMN269E', 'Elosztott alkalmazások fejlesztése', 'Elosztott alkalmazások fejlesztése'),
(450, 'IMN269L', 'Elosztott alkalmazások fejlesztése lab. gyak.', 'Elosztott alkalmazások fejlesztése lab. gyak.'),
(451, 'IMN242E', 'Fordítóprogramok', 'Fordítóprogramok'),
(452, 'IMN242L', 'Fordítóprogramok gyak.', 'Fordítóprogramok gyak.'),
(453, 'IMN244E', 'Felhő és DevOps alapok', 'Felhő és DevOps alapok'),
(454, 'IMN244L', 'Felhő és DevOps alapok gyak.', 'Felhő és DevOps alapok gyak.'),
(455, 'IMN245E', 'Objektumvezérelt rendszerek tervezése', 'Objektumvezérelt rendszerek tervezése'),
(456, 'IMN245L', 'Objektumvezérelt rendszerek tervezése gyak', 'Objektumvezérelt rendszerek tervezése gyak'),
(457, 'IMN246E', 'Párhuzamos programozás', 'Párhuzamos programozás'),
(458, 'IMN246L', 'Párhuzamos programozás lab. gyak.', 'Párhuzamos programozás lab. gyak.'),
(459, 'IMN247E', 'Programok analízise', 'Programok analízise'),
(460, 'IMN247L', 'Programok analízise', 'Programok analízise'),
(461, 'IMN248E', 'Programozási módszerek', 'Programozási módszerek'),
(462, 'IMN248L', 'Programozási módszerek gyakorlat', 'Programozási módszerek gyakorlat'),
(463, 'IMN249E', 'Szoftverfejlesztés', 'Szoftverfejlesztés'),
(464, 'IMN249L', 'Szoftverfejlesztés gyak.', 'Szoftverfejlesztés gyak.'),
(465, 'IMN250E', 'Szoftverkarbantartás', 'Szoftverkarbantartás'),
(466, 'IMN250L', 'Szoftverkarbantartás', 'Szoftverkarbantartás'),
(467, 'IMN251E', 'Tesztelési módszerek', 'Tesztelési módszerek'),
(468, 'IMN251L', 'Tesztelési módszerek', 'Tesztelési módszerek'),
(469, 'IMN282E', 'Teszt menedzsment', 'Teszt menedzsment'),
(470, 'IMN282G', 'Teszt menedzsment gyak.', 'Teszt menedzsment gyak.'),
(471, 'IMN252E', 'Vállalati információs rendszerek', 'Vállalati információs rendszerek'),
(472, 'IMN252L', 'Vállalati információs rendszerek gyak', 'Vállalati információs rendszerek gyak'),
(473, 'IMN294E', 'Képrekonstrukció', 'Képrekonstrukció'),
(474, 'IMN294L', 'Képrekonstrukció gyak.', 'Képrekonstrukció gyak.'),
(475, 'IMN298E', 'Számítógépes látás', 'Számítógépes látás'),
(476, 'IMN298L', 'Számítógépes látás gyak.', 'Számítógépes látás gyak.'),
(477, 'IMN259E', 'Intelligens vizualizációs eljárások', 'Intelligens vizualizációs eljárások'),
(478, 'IMN259L', 'Intelligens vizualizációs eljárások gyak.', 'Intelligens vizualizációs eljárások gyak.'),
(479, 'IMV011E', 'Validált szoftverfejlesztés ismeret', 'Validált szoftverfejlesztés ismeret'),
(480, 'IMV011G', 'Validált gyakorlati szoftverfejlesztés ismeret', 'Validált gyakorlati szoftverfejlesztés ismeret'),
(481, 'IMV111E', 'Erasmus szoftverfejlesztés ismeret', 'Erasmus szoftverfejlesztés ismeret'),
(482, 'IMV111G', 'Erasmus gyakorlati szoftverfejlesztés ismeret', 'Erasmus gyakorlati szoftverfejlesztés ismeret'),
(483, 'IMV211G', 'Szoftverfejlesztés projektmunka', 'Szoftverfejlesztés projektmunka'),
(484, 'IMV013E', 'Validált modellalkotás ismeret', 'Validált modellalkotás ismeret'),
(485, 'IMV013G', 'Validált gyakorlati modellalkotás ismeret', 'Validált gyakorlati modellalkotás ismeret'),
(486, 'IMV113E', 'Erasmus modellalkotás ismeret', 'Erasmus modellalkotás ismeret'),
(487, 'IMV113G', 'Erasmus gyakorlati modellalkotás ismeret', 'Erasmus gyakorlati modellalkotás ismeret'),
(488, 'IMV213G', 'Modellalkotás projektmunka', 'Modellalkotás projektmunka'),
(489, 'IMN273E', 'Mobil képelemzés és grafika', 'Mobil képelemzés és grafika'),
(490, 'IMN273L', 'Mobil képelemzés és grafika lab. gyak.', 'Mobil képelemzés és grafika lab. gyak.'),
(491, 'IMN292E', 'Képi adatbázisok', 'Képi adatbázisok'),
(492, 'IMN292L', 'Képi adatbázisok', 'Képi adatbázisok'),
(493, 'IMN297E', 'Orvosi képalkotás', 'Orvosi képalkotás'),
(494, 'IMN297L', 'Orvosi képalkotás gyakorlat', 'Orvosi képalkotás gyakorlat'),
(495, 'IMN287E', 'Számítógéppel segített műtéti tervezés', 'Számítógéppel segített műtéti tervezés'),
(496, 'IMN411L', 'Nem-konvencionális adatbázisok laboratóriumi gyak.', 'Nem-konvencionális adatbázisok laboratóriumi gyak.'),
(497, 'IMN411E', 'Nem-konvencionális adatbázisok', 'Nem-konvencionális adatbázisok'),
(498, 'IMN290E', 'GPGPU: Grafikus processzorok felhasználása általános célú számításokra előadás', 'GPGPU: Grafikus processzorok felhasználása általános célú számításokra előadás'),
(499, 'IMN290L', 'GPGPU: Grafikus processzorok felhasználása általános célú számításokra labor', 'GPGPU: Grafikus processzorok felhasználása általános célú számításokra labor'),
(500, 'IMN284E', 'Képfeldolgozó esettanulmányok', 'Képfeldolgozó esettanulmányok'),
(501, 'IMN293E', 'Képregisztráció', 'Képregisztráció'),
(502, 'IMN293L', 'Képregisztráció gyak.', 'Képregisztráció gyak.'),
(503, 'IMN295E', 'Képszegmentálás', 'Képszegmentálás'),
(504, 'IMN295L', 'Képszegmentálás', 'Képszegmentálás'),
(505, 'IMN285E', 'Mikroszkópiai képfeldolgozás előadás', 'Mikroszkópiai képfeldolgozás előadás'),
(506, 'IMN285L', 'Mikroszkópiai képfeldolgozás gyakorlat', 'Mikroszkópiai képfeldolgozás gyakorlat'),
(507, 'IMN291E', 'Ipari képfeldolgozás', 'Ipari képfeldolgozás'),
(508, 'IMN291L', 'Ipari képfeldolgozás laboratóriumi gyak.', 'Ipari képfeldolgozás laboratóriumi gyak.'),
(509, 'IMN084E', 'Igazságügyi képelemzés', 'Igazságügyi képelemzés'),
(510, 'IMN085E', 'Elosztott szoftverrendszerek fejlesztésének általános és egészségügyi alkalmazása(M)', 'Elosztott szoftverrendszerek fejlesztésének általános és egészségügyi alkalmazása(M)'),
(511, 'IMN085G', 'Elosztott szoftverrendszerek fejlesztésének általános és egészségügyi alkalmazása(M)(M)', 'Elosztott szoftverrendszerek fejlesztésének általános és egészségügyi alkalmazása(M)(M)'),
(512, 'IMV012E', 'Validált képfeldolgozás ismeret', 'Validált képfeldolgozás ismeret'),
(513, 'IMV012G', 'Validált gyakorlati képfeldolgozás ismeret', 'Validált gyakorlati képfeldolgozás ismeret'),
(514, 'IMV112E', 'Erasmus képfeldolgozás ismeret', 'Erasmus képfeldolgozás ismeret'),
(515, 'IMV112G', 'Erasmus gyakorlati képfeldolgozás ismeret', 'Erasmus gyakorlati képfeldolgozás ismeret'),
(516, 'IMV212G', 'Képfeldolgozás projektmunka', 'Képfeldolgozás projektmunka'),
(517, 'IMN427E', 'Optimalizálás felsőfokon', 'Optimalizálás felsőfokon'),
(518, 'IMN428E', 'Ütemezési modellek alkalmazásai', 'Ütemezési modellek alkalmazásai'),
(519, 'IMV002E', 'Validált matematika-számítástudomány ismeret', 'Validált matematika-számítástudomány ismeret'),
(520, 'IMV002G', 'Validált gyakorlati matematika-számítástudomány ismeret', 'Validált gyakorlati matematika-számítástudomány ismeret'),
(521, 'IMV102E', 'Erasmus matematika-számítástudomány ismeret', 'Erasmus matematika-számítástudomány ismeret'),
(522, 'IMV102G', 'Erasmus gyakorlati matematika-számítástudomány ismeret', 'Erasmus gyakorlati matematika-számítástudomány ismeret'),
(523, 'IMV202G', 'Matematikai és számítástudományi projektmunka', 'Matematikai és számítástudományi projektmunka'),
(524, 'IMN092E', 'Konvolúciós neurális hálók a képfeldolgozásban', 'Konvolúciós neurális hálók a képfeldolgozásban'),
(525, 'IMN087E', 'Mély tanulás kevés adaton', 'Mély tanulás kevés adaton'),
(526, 'IMN087G', 'Mély tanulás kevés adaton', 'Mély tanulás kevés adaton'),
(527, 'IMN095L', 'A Node-RED fejlesztő eszköz használata ipari környezetben', 'A Node-RED fejlesztő eszköz használata ipari környezetben'),
(528, 'IMN096E', 'Digitális logika és aszinkron áramkörök', 'Digitális logika és aszinkron áramkörök'),
(529, 'IMN098E', 'Értelmezhetőség és magyarázhatóság a gépi tanulásban', 'Értelmezhetőség és magyarázhatóság a gépi tanulásban'),
(530, 'IMN098EL', 'Értelmezhetőség és magyarázhatóság a gépi tanulásban', 'Értelmezhetőség és magyarázhatóság a gépi tanulásban'),
(531, 'IMN099E', 'Robusztus gépi tanulás', 'Robusztus gépi tanulás'),
(532, 'IMN099G', 'Robusztus gépi tanulás', 'Robusztus gépi tanulás'),
(533, 'IMN0101G', 'Rádióamatőr alapismeretek', 'Rádióamatőr alapismeretek'),
(534, 'IMN0113E', 'Pakolási algoritmusok', 'Pakolási algoritmusok'),
(535, 'MMN114E', 'Számítógéppel segített matematikai modellezés', 'Számítógéppel segített matematikai modellezés'),
(536, 'MMN114L', 'Számítógéppel segített matematikai modellezés', 'Számítógéppel segített matematikai modellezés'),
(537, 'IMN401E', 'Személyes adatok védelmének jogi, etikai és informatikai kérdései', 'Személyes adatok védelmének jogi, etikai és informatikai kérdései'),
(538, 'IBMN070E', 'Intelligens rendszerek elméleti alapjai', 'Intelligens rendszerek elméleti alapjai'),
(539, 'IBMN071E', 'Nework Science', 'Nework Science'),
(540, 'IMN076E', 'Bevezetés a Felhő és IoT rendszerekbe', 'Bevezetés a Felhő és IoT rendszerekbe'),
(541, 'IMV003E', 'Validált informatika ismeret', 'Validált informatika ismeret'),
(542, 'IMV003G', 'Validált gyakorlati informatika ismeret', 'Validált gyakorlati informatika ismeret'),
(543, 'IMV103E', 'Erasmus informatika ismeret', 'Erasmus informatika ismeret'),
(544, 'IMV103G', 'Erasmus gyakorlati informatika ismeret', 'Erasmus gyakorlati informatika ismeret'),
(545, 'IMV203G', 'Informatika projektmunka', 'Informatika projektmunka'),
(546, 'IMN0100E', 'Blokklánc rendszerek alapjai és alkalmazásai', 'Blokklánc rendszerek alapjai és alkalmazásai'),
(547, 'IMN0119E', 'IoT-Felhő rendszerek szimulációja', 'IoT-Felhő rendszerek szimulációja'),
(548, 'IMNA1020E', 'IT Folyamatok és vezetői ismeretek', 'IT Folyamatok és vezetői ismeretek'),
(549, 'IMNA1020G', 'IT Folyamatok és vezetői ismeretek gy', 'IT Folyamatok és vezetői ismeretek gy'),
(550, 'IMNA1028EEN', 'Introduction to Bioinformatics', 'Introduction to Bioinformatics'),
(551, 'IMNA1028GEN', 'Introduction to Bioinformatics', 'Introduction to Bioinformatics'),
(552, 'IE4165EA', 'Embedded machine learning', 'Embedded machine learning'),
(553, 'IE4165LA', 'Embedded machine learning practice', 'Embedded machine learning practice'),
(554, 'IE4166EA', 'Interpretability and explainibility in machine learning', 'Interpretability and explainibility in machine learning'),
(555, 'IE4166LA', 'Interpretability and explainibility in machine learning practice', 'Interpretability and explainibility in machine learning practice'),
(556, 'IE4167LA', 'Large language Models', 'Large language Models'),
(557, 'IN4021EA', 'Versenyfeladatok megoldása (MSc)', 'Versenyfeladatok megoldása (MSc)'),
(558, 'IMN003E', 'Szintaktikus elemzési módszerek', 'Szintaktikus elemzési módszerek'),
(559, 'IMN007E', 'UX Design', 'UX Design'),
(560, 'IN4063EA', 'Computational Systems Biology', 'Computational Systems Biology'),
(561, 'IN4063GA', 'Computational Systems Biology practice', 'Computational Systems Biology practice'),
(562, 'IN4164EA', 'GPU algorithms', 'GPU algorithms'),
(563, 'IN4164GA', 'GPU algorithms practice', 'GPU algorithms practice'),
(564, 'BMSZV00', 'Barátságos mikrovilág - ellenséges mikrovilág I.', 'Barátságos mikrovilág - ellenséges mikrovilág I.'),
(565, 'GMSZV00', 'FOL GeoKenu', 'FOL GeoKenu'),
(566, 'IMSZV00', 'Számítógépes statisztika laboratórium', 'Számítógépes statisztika laboratórium'),
(567, 'IMSZV036E', 'Start-up vállalkozások fejlesztése', 'Start-up vállalkozások fejlesztése'),
(568, 'IMN008L', 'Speciálkollégium 8. (lab.)', 'Speciálkollégium 8. (lab.)'),
(569, 'IMN009E', 'Speciálkollégium 9. (ea. 0 kredites)', 'Speciálkollégium 9. (ea. 0 kredites)'),
(570, 'KMSZV0064', 'Víz- és szennyvízkezelés', 'Víz- és szennyvízkezelés'),
(571, 'KMSZV0068', 'Ipari baleseti esettanulmányok', 'Ipari baleseti esettanulmányok'),
(572, 'KMSZV0070', 'Grafitszálak, szén-nanocsövek', 'Grafitszálak, szén-nanocsövek'),
(573, 'KMSZV0060', 'Kémiai Nobel-díjasok', 'Kémiai Nobel-díjasok'),
(574, 'KMSZV0069', 'Hulladékkezelés, hulladékgazdálkodás', 'Hulladékkezelés, hulladékgazdálkodás'),
(575, 'KMSZV0054', 'Veszélyes anyagok a környezetünkben', 'Veszélyes anyagok a környezetünkben'),
(576, 'KMSZV00', 'Virtuális laboratórium és virtuális mérések', 'Virtuális laboratórium és virtuális mérések'),
(577, 'KMSZV0066', 'Kvantumkorszakok', 'Kvantumkorszakok'),
(578, 'MMSZV00', 'Játékelmélet', 'Játékelmélet'),
(579, 'IBM3000', 'Diplomamunka készítése I.', 'Diplomamunka készítése I.'),
(580, 'IBM3001', 'Diplomamunka készítése II.', 'Diplomamunka készítése II.'),
(581, 'ITN106E', 'Szkriptnyelvek', 'Szkriptnyelvek'),
(582, 'ITN106G', 'Szkriptnyelvek gyak.', 'Szkriptnyelvek gyak.'),
(583, 'IBT103G', 'Tehetséggondozás: Programozás alapjai', 'Tehetséggondozás: Programozás alapjai'),
(584, 'IMEN104E', 'Advanced image processing', 'Advanced image processing lecture'),
(585, 'MMEN101PIG', 'Graph Theory Practice', 'Graph Theory Practice'),
(586, 'MMEN101PIE', 'Graph Theory', 'Graph Theory'),
(587, 'IMEN101E', 'Automata and formal languages lec.', 'Automata and formal languages lec.'),
(588, 'IMEN101G', 'Automata and formal languages prac.', 'Automata and formal languages prac.'),
(589, 'IMEN102G', 'Application of linear programming prac.', 'Application of linear programming prac.'),
(590, 'IMEN102E', 'Application of linear programming lec.', 'Application of linear programming lec.'),
(591, 'IMEN105G', 'On-line algorithms practice', 'On-line algorithms practice'),
(592, 'IMEN105E', 'On-line algorithms', 'On-line algorithms'),
(593, 'IMEN108G', 'Advanced approximate and symbolic computations practical', 'Advanced approximate and symbolic computations practical'),
(594, 'IMEN108E', 'Advanced approximate and symbolic computations', 'Advanced approximate and symbolic computations'),
(595, 'IMEN111E', 'Mathematical Foundations of Logic and Functional Programming', 'Mathematical Foundations of Logic and Functional Programming'),
(596, 'IMEN075E', 'Artificial neural networks and their applications', 'Artificial neural networks and their applications'),
(597, 'IMEN103E', 'Advanced programming', 'Advanced programming'),
(598, 'IMEN103G', 'Advanced programming practice', 'Advanced programming practice'),
(599, 'IMEN104G', 'Advanced image processing practice', 'Advanced image processing practice'),
(600, 'IMEN106E', 'Machine learning', 'Machine learning'),
(601, 'IMEN106G', 'Machine learning practice', 'Machine learning practice'),
(602, 'IMEN107E', 'Advanced graphical algorithms', 'Advanced graphical algorithms'),
(603, 'IMEN107G', 'Advanced graphical algorithms practice', 'Advanced graphical algorithms practice'),
(604, 'IMEN109E', 'Program systems development', 'Program systems development'),
(605, 'IMEN109G', 'Program systems development practice', 'Program systems development practice'),
(606, 'IMEN249E', 'Software development', 'Software development'),
(607, 'IMEN249G', 'Software development practice', 'Software development practice'),
(608, 'IMEN241G', 'Embedded systems practical', 'Embedded systems practical'),
(609, 'IMEN241E', 'Embedded systems', 'Embedded systems'),
(610, 'IMEN269G', 'Distributed application development practice', 'Distributed application development practice'),
(611, 'IMEN269E', 'Distributed application development', 'Distributed application development'),
(612, 'IMEN298G', 'Computer vision practice', 'Computer vision practice'),
(613, 'IMEN298E', 'Computer vision', 'Computer vision'),
(614, 'IMEN320G-00001', 'Professional practice (6 weeks)', 'Professional practice (6 weeks)'),
(615, 'IMEN002E', 'Speech Recognition', 'Speech Recognition'),
(616, 'IMEN002G', 'Speech Recognition', 'Speech Recognition'),
(617, 'IMEN003E', 'SmartWatch, SmartPhone, SmartTv - Apple Swift Programming', 'SmartWatch, SmartPhone, SmartTv - Apple Swift Programming'),
(618, 'IMEN293G', 'Image Registration practice', 'Image Registration practice'),
(619, 'IMEN293E', 'Image Registration', 'Image Registration'),
(620, 'IMEN901E', 'Network Science', 'Network Science'),
(621, 'IMEN702E', 'Parallel programming', 'Parallel programming'),
(622, 'IMEN702G', 'Parallel programming', 'Parallel programming'),
(623, 'IMEN703E', 'Legal, Ethical and Informatics Issues of Personal Data Protection', 'Legal, Ethical and Informatics Issues of Personal Data Protection'),
(624, 'IMEN0100E', 'Blockchain Fundamentals and Applications', 'Blockchain Fundamentals and Applications'),
(625, 'MMEN102E', 'Analysis', 'Analysis'),
(626, 'MMEN102G', 'Analysis practice', 'Analysis practice'),
(627, 'IMEN210E', 'Data mining', 'Data mining'),
(628, 'IMEN210G', 'Data mining practice', 'Data mining practice'),
(629, 'IMEN223G', 'Nonlinear programming practice', 'Nonlinear programming practice'),
(630, 'IMEN223E', 'Nonlinear programming', 'Nonlinear programming'),
(631, 'IMEN221G', 'Game theory, practice', 'Game theory, practice'),
(632, 'IMEN221E', 'Game theory', 'Game theory'),
(633, 'IMEN704E', 'Tree automata', 'Tree automata'),
(634, 'IMEN704G', 'Tree automata', 'Tree automata'),
(635, 'IMEN0118E', 'Cryptocurrencies', 'Cryptocurrencies'),
(636, 'IMEN3001', 'Thesis Work 2.', 'Thesis Work 2.'),
(637, 'IMEN3000', 'Thesis Work 1.', 'Thesis Work 1.'),
(638, 'GMEN10E', 'European Business Environment', 'European Business Environment'),
(639, 'GMEN11E', 'International human resource management', 'International human resource management');
INSERT INTO `courses` (`id`, `course_code`, `name`, `name_en`) VALUES
(640, 'XSH_HUNLANG-0002', 'Hungarian as a Foreign Language for International Students II', NULL),
(641, 'XSH_FINAL0003', 'Hungarian Elementary Language Exam', NULL),
(642, 'XSH_HUNLANG-0001', 'Hungarian as a Foreign Language for International Students I', NULL),
(643, 'XM0011-CINCLUB', 'Ciné-Club 1', NULL);

-- --------------------------------------------------------

--
-- Tábla szerkezet ehhez a táblához `course_equivalence`
--

DROP TABLE IF EXISTS `course_equivalence`;
CREATE TABLE `course_equivalence` (
  `id` int(11) NOT NULL,
  `course_id` int(11) NOT NULL,
  `equivalent_course_id` int(11) NOT NULL,
  `major_id` int(11) NOT NULL
) ENGINE=InnoDB DEFAULT CHARSET=utf8mb4 COLLATE=utf8mb4_general_ci;

--
-- A tábla adatainak kiíratása `course_equivalence`
--

INSERT INTO `course_equivalence` (`id`, `course_id`, `equivalent_course_id`, `major_id`) VALUES
(1, 96, 98, 1),
(2, 97, 99, 1),
(3, 105, 107, 1),
(4, 106, 108, 1),
(5, 111, 109, 1),
(6, 112, 110, 1);

-- --------------------------------------------------------

--
-- Tábla szerkezet ehhez a táblához `course_major`
--

DROP TABLE IF EXISTS `course_major`;
CREATE TABLE `course_major` (
  `id` int(11) NOT NULL,
  `course_id` int(11) NOT NULL,
  `major_id` int(11) NOT NULL,
  `credit` int(11) NOT NULL DEFAULT 0,
  `semester` int(11) NOT NULL DEFAULT 0,
  `type` varchar(50) DEFAULT NULL,
  `subgroup` varchar(50) DEFAULT NULL
) ENGINE=InnoDB DEFAULT CHARSET=utf8mb4 COLLATE=utf8mb4_general_ci;

--
-- A tábla adatainak kiíratása `course_major`
--

INSERT INTO `course_major` (`id`, `course_id`, `major_id`, `credit`, `semester`, `type`, `subgroup`) VALUES
(4, 64, 1, 2, 1, 'required', NULL),
(5, 65, 1, 3, 1, 'required', NULL),
(6, 66, 1, 2, 2, 'required', NULL),
(7, 67, 1, 3, 2, 'required', NULL),
(8, 68, 1, 2, 3, 'required', NULL),
(9, 69, 1, 1, 3, 'required', NULL),
(10, 70, 1, 2, 1, 'required', NULL),
(11, 71, 1, 3, 1, 'required', NULL),
(12, 72, 1, 2, 3, 'required', NULL),
(13, 73, 1, 2, 3, 'required', NULL),
(14, 74, 1, 2, 4, 'required', NULL),
(15, 75, 1, 2, 4, 'required', NULL),
(16, 76, 1, 3, 5, 'required', NULL),
(17, 77, 1, 2, 5, 'required', NULL),
(18, 78, 1, 2, 1, 'required', NULL),
(19, 79, 1, 3, 2, 'required', NULL),
(20, 80, 1, 2, 2, 'required', NULL),
(21, 81, 1, 3, 3, 'required', NULL),
(22, 82, 1, 3, 2, 'required', NULL),
(23, 83, 1, 3, 7, 'required', NULL),
(24, 84, 1, 3, 4, 'required', NULL),
(25, 85, 1, 3, 4, 'required', NULL),
(26, 86, 1, 2, 6, 'required', NULL),
(27, 87, 1, 2, 6, 'required', NULL),
(28, 88, 1, 1, 5, 'required', NULL),
(29, 94, 1, 2, 5, 'elective', 'elective_core_credits'),
(30, 95, 1, 2, 5, 'elective', 'elective_core_credits'),
(31, 96, 1, 2, 5, 'elective', 'elective_core_credits'),
(32, 97, 1, 2, 5, 'elective', 'elective_core_credits'),
(33, 98, 1, 2, 2, 'elective', 'elective_core_credits'),
(34, 99, 1, 2, 2, 'elective', 'elective_core_credits'),
(35, 100, 1, 2, 5, 'elective', 'elective_core_credits'),
(36, 101, 1, 2, 5, 'elective', 'elective_core_credits'),
(37, 102, 1, 2, 5, 'elective', 'elective_core_credits'),
(38, 103, 1, 2, 5, 'elective', 'elective_core_credits'),
(39, 104, 1, 3, 1, 'elective', 'elective_core_credits'),
(40, 105, 1, 2, 2, 'elective', 'elective_core_credits'),
(41, 106, 1, 2, 2, 'elective', 'elective_core_credits'),
(42, 107, 1, 1, 1, 'elective', 'elective_core_credits'),
(43, 108, 1, 3, 1, 'elective', 'elective_core_credits'),
(44, 109, 1, 2, 3, 'elective', 'elective_core_credits'),
(45, 110, 1, 2, 3, 'elective', 'elective_core_credits'),
(46, 111, 1, 2, 2, 'elective', 'elective_core_credits'),
(47, 112, 1, 2, 2, 'elective', 'elective_core_credits'),
(48, 113, 1, 2, 3, 'elective', 'elective_core_credits'),
(49, 114, 1, 2, 3, 'elective', 'elective_core_credits'),
(50, 115, 1, 2, 3, 'elective', 'elective_core_credits'),
(51, 116, 1, 2, 3, 'elective', 'elective_core_credits'),
(52, 117, 1, 2, 2, 'elective', 'elective_core_credits'),
(53, 118, 1, 2, 2, 'elective', 'elective_core_credits'),
(54, 119, 1, 1, 4, 'elective', 'elective_core_credits'),
(55, 120, 1, 2, 4, 'elective', 'elective_core_credits'),
(56, 121, 1, 1, 1, 'elective', 'elective_core_credits'),
(57, 122, 1, 2, 4, 'elective', 'elective_core_credits'),
(58, 123, 1, 2, 4, 'elective', 'elective_core_credits'),
(59, 124, 1, 2, 5, 'elective', 'elective_core_credits'),
(60, 125, 1, 2, 5, 'elective', 'elective_core_credits'),
(61, 126, 1, 2, 3, 'elective', 'elective_core_credits'),
(62, 127, 1, 2, 3, 'elective', 'elective_core_credits'),
(63, 128, 1, 2, 6, 'elective', 'elective_core_credits'),
(64, 129, 1, 2, 6, 'elective', 'elective_core_credits'),
(65, 130, 1, 2, 4, 'elective', 'elective_core_credits'),
(66, 131, 1, 2, 4, 'elective', 'elective_core_credits'),
(67, 132, 1, 2, 6, 'elective', 'elective_core_credits'),
(68, 133, 1, 1, 6, 'elective', 'elective_core_credits'),
(69, 134, 1, 4, 1, 'elective', 'elective_info_credits'),
(70, 135, 1, 4, 1, 'elective', 'elective_info_credits'),
(71, 136, 1, 3, 2, 'elective', 'elective_info_credits'),
(72, 137, 1, 3, 2, 'elective', 'elective_info_credits'),
(73, 138, 1, 2, 1, 'elective', 'elective_info_credits'),
(74, 139, 1, 3, 1, 'elective', 'elective_info_credits'),
(75, 140, 1, 2, 2, 'elective', 'elective_info_credits'),
(76, 141, 1, 3, 2, 'elective', 'elective_info_credits'),
(77, 142, 1, 2, 0, 'elective', 'elective_info_credits'),
(78, 143, 1, 2, 0, 'elective', 'elective_info_credits'),
(79, 144, 1, 2, 0, 'elective', NULL),
(80, 145, 1, 3, 4, 'elective', NULL),
(81, 146, 1, 1, 4, 'elective', NULL),
(82, 147, 1, 2, 1, 'elective', NULL),
(83, 148, 1, 2, 4, 'elective', NULL),
(84, 149, 1, 3, 4, 'elective', NULL),
(85, 150, 1, 2, 1, 'elective', NULL),
(86, 151, 1, 2, 1, 'elective', NULL),
(87, 152, 1, 4, 0, 'elective', NULL),
(88, 153, 1, 3, 0, 'elective', NULL),
(89, 154, 1, 3, 0, 'elective', NULL),
(90, 155, 1, 4, 0, 'elective', NULL),
(91, 156, 1, 0, 0, 'elective', NULL),
(92, 157, 1, 5, 0, 'elective', NULL),
(93, 158, 1, 0, 0, 'elective', NULL),
(94, 159, 1, 4, 0, 'elective', NULL),
(95, 160, 1, 0, 0, 'elective', NULL),
(96, 161, 1, 3, 0, 'elective', NULL),
(97, 162, 1, 0, 0, 'elective', NULL),
(98, 163, 1, 5, 0, 'elective', NULL),
(99, 164, 1, 0, 0, 'elective', NULL),
(100, 165, 1, 4, 0, 'elective', NULL),
(101, 166, 1, 2, 0, 'elective', NULL),
(102, 167, 1, 2, 0, 'elective', NULL),
(103, 168, 1, 2, 0, 'elective', NULL),
(104, 169, 1, 3, 0, 'elective', NULL),
(105, 170, 1, 2, 0, 'elective', NULL),
(106, 171, 1, 2, 0, 'elective', NULL),
(107, 172, 1, 1, 0, 'elective', NULL),
(108, 173, 1, 1, 0, 'elective', NULL),
(109, 174, 1, 1, 0, 'elective', NULL),
(110, 175, 1, 2, 0, 'elective', NULL),
(111, 176, 1, 2, 0, 'elective', NULL),
(112, 177, 1, 2, 0, 'elective', NULL),
(113, 178, 1, 3, 0, 'elective', NULL),
(114, 179, 1, 3, 0, 'elective', NULL),
(115, 180, 1, 3, 0, 'elective', NULL),
(116, 181, 1, 3, 0, 'elective', NULL),
(117, 182, 1, 3, 0, 'elective', NULL),
(118, 183, 1, 3, 0, 'elective', NULL),
(119, 184, 1, 3, 0, 'elective', NULL),
(120, 185, 1, 3, 0, 'elective', NULL),
(121, 186, 1, 3, 0, 'elective', NULL),
(122, 187, 1, 3, 0, 'elective', NULL),
(123, 188, 1, 3, 0, 'elective', NULL),
(124, 189, 1, 3, 0, 'elective', NULL),
(125, 190, 1, 2, 0, 'elective', NULL),
(126, 191, 1, 3, 0, 'elective', NULL),
(127, 192, 1, 2, 0, 'elective', NULL),
(128, 193, 1, 3, 0, 'elective', NULL),
(129, 194, 1, 2, 0, 'elective', NULL),
(130, 195, 1, 3, 0, 'elective', NULL),
(131, 196, 1, 1, 0, 'elective', NULL),
(132, 197, 1, 2, 0, 'elective', NULL),
(133, 198, 1, 1, 0, 'elective', NULL),
(134, 199, 1, 2, 0, 'elective', NULL),
(135, 200, 1, 3, 0, 'elective', NULL),
(136, 201, 1, 2, 0, 'elective', NULL),
(137, 202, 1, 3, 0, 'elective', NULL),
(138, 203, 1, 1, 0, 'elective', NULL),
(139, 204, 1, 2, 0, 'elective', NULL),
(140, 205, 1, 2, 0, 'elective', NULL),
(141, 206, 1, 2, 0, 'elective', NULL),
(142, 207, 1, 3, 0, 'elective', NULL),
(143, 89, 1, 1, 5, 'required', NULL),
(144, 90, 1, 3, 5, 'required', NULL),
(145, 91, 1, 2, 5, 'required', NULL),
(146, 92, 1, 2, 5, 'required', NULL),
(147, 93, 1, 3, 0, 'required', NULL),
(148, 208, 1, 320, 0, 'required', 'practice_hours'),
(149, 209, 1, 5, 6, 'required', NULL),
(150, 210, 1, 10, 7, 'required', NULL),
(151, 211, 1, 0, 0, 'optional', 'pe'),
(152, 212, 1, 0, 0, 'optional', 'pe'),
(153, 213, 1, 0, 0, 'optional', 'pe'),
(154, 214, 1, 0, 0, 'optional', 'pe'),
(155, 215, 1, 0, 0, 'optional', 'pe'),
(156, 216, 1, 0, 0, 'optional', 'pe'),
(157, 217, 1, 0, 0, 'optional', 'pe'),
(158, 218, 1, 0, 0, 'optional', 'pe'),
(159, 219, 1, 0, 0, 'optional', 'pe'),
(160, 220, 1, 0, 0, 'optional', 'pe'),
(164, 222, 1, 2, 3, 'required', 'semmilyen'),
(165, 64, 2, 1, 1, 'required', 'lective_core_credit'),
(1153, 64, 4, 2, 1, 'required', 'MK-ALA'),
(1154, 65, 4, 3, 1, 'required', 'MK-ALA'),
(1155, 223, 4, 2, 1, 'required', 'MK-ALA'),
(1156, 224, 4, 3, 1, 'required', 'MK-ALA'),
(1157, 66, 4, 2, 2, 'required', 'MK-ALA'),
(1158, 67, 4, 3, 2, 'required', 'MK-ALA'),
(1159, 68, 4, 2, 3, 'required', 'MK-ALA'),
(1160, 69, 4, 1, 3, 'required', 'MK-ALA'),
(1161, 72, 4, 2, 3, 'required', 'MK-ALA'),
(1162, 73, 4, 2, 3, 'required', 'MK-ALA'),
(1163, 100, 4, 2, 5, 'required', 'MK-ALA'),
(1164, 101, 4, 2, 5, 'required', 'MK-ALA'),
(1165, 105, 4, 2, 2, 'required', 'MK-ALA'),
(1166, 106, 4, 2, 2, 'required', 'MK-ALA'),
(1167, 107, 4, 1, 1, 'required', 'MK-ALA'),
(1168, 108, 4, 3, 1, 'required', 'MK-ALA'),
(1169, 109, 4, 2, 3, 'required', 'MK-ALA'),
(1170, 110, 4, 2, 3, 'required', 'MK-ALA'),
(1171, 111, 4, 2, 2, 'required', 'MK-ALA'),
(1172, 112, 4, 2, 2, 'required', 'MK-ALA'),
(1173, 117, 4, 2, 2, 'required', 'MK-SZT'),
(1174, 118, 4, 2, 2, 'required', 'MK-SZT'),
(1175, 104, 4, 3, 1, 'required', 'MK-SZT'),
(1176, 113, 4, 2, 3, 'required', 'MK-SZT'),
(1177, 114, 4, 2, 3, 'required', 'MK-SZT'),
(1178, 121, 4, 2, 1, 'required', 'MK-SZT'),
(1179, 126, 4, 2, 3, 'required', 'MK-SZT'),
(1180, 127, 4, 2, 3, 'required', 'MK-SZT'),
(1181, 119, 4, 2, 4, 'required', 'MK-SZT'),
(1182, 120, 4, 2, 4, 'required', 'MK-SZT'),
(1183, 132, 4, 2, 6, 'required', 'MK-SZT'),
(1184, 133, 4, 1, 6, 'required', 'MK-SZT'),
(1185, 130, 4, 2, 2, 'required', 'MK-SZT'),
(1186, 131, 4, 2, 2, 'required', 'MK-SZT'),
(1187, 167, 4, 2, 4, 'required', 'MK-SZT'),
(1188, 168, 4, 2, 4, 'required', 'MK-SZT'),
(1189, 134, 4, 4, 1, 'required', 'MK-SZT-P'),
(1190, 135, 4, 4, 1, 'required', 'MK-SZT-P'),
(1191, 225, 4, 3, 2, 'required', 'MK-SZT-P'),
(1192, 137, 4, 3, 2, 'required', 'MK-SZT-P'),
(1193, 138, 4, 2, 1, 'required', 'MK-SZT-P'),
(1194, 139, 4, 3, 1, 'required', 'MK-SZT-P'),
(1195, 140, 4, 2, 2, 'required', 'MK-SZT-P'),
(1196, 141, 4, 3, 2, 'required', 'MK-SZT-P'),
(1197, 142, 4, 2, 1, 'required', 'MK-SZT-P'),
(1198, 226, 4, 2, 1, 'required', 'MK-SZT-P'),
(1199, 96, 4, 2, 3, 'required', 'MK-SZT-P'),
(1200, 97, 4, 2, 3, 'required', 'MK-SZT-P'),
(1201, 98, 4, 2, 2, 'required', 'MK-SZT-P'),
(1202, 99, 4, 2, 2, 'required', 'MK-SZT-P'),
(1203, 227, 4, 2, 2, 'required', 'MK-DSZ'),
(1204, 228, 4, 2, 2, 'required', 'MK-DSZ'),
(1205, 190, 4, 2, 2, 'required', 'MK-DSZ'),
(1206, 191, 4, 3, 2, 'required', 'MK-DSZ'),
(1207, 192, 4, 2, 3, 'required', 'MK-DSZ'),
(1208, 193, 4, 3, 3, 'required', 'MK-DSZ'),
(1209, 194, 4, 2, 3, 'required', 'MK-DSZ'),
(1210, 195, 4, 3, 3, 'required', 'MK-DSZ'),
(1211, 74, 4, 2, 4, 'required', 'MK-DSZ'),
(1212, 75, 4, 2, 4, 'required', 'MK-DSZ'),
(1213, 170, 4, 2, 4, 'required', 'MK-DSZ'),
(1214, 171, 4, 2, 4, 'required', 'MK-DSZ'),
(1215, 229, 4, 2, 2, 'required', 'MK-DSZ'),
(1216, 230, 4, 2, 2, 'required', 'MK-DSZ'),
(1217, 231, 4, 3, 4, 'required', 'MK-DSZ'),
(1218, 232, 4, 3, 4, 'required', 'MK-DSZ'),
(1219, 233, 4, 3, 1, 'required', 'MK-DSZ'),
(1220, 234, 4, 2, 1, 'required', 'MK-DSZ'),
(1221, 235, 4, 4, 1, 'required', 'MK-DSZ'),
(1222, 236, 4, 2, 4, 'required', 'MK-DSZ'),
(1223, 237, 4, 2, 4, 'required', 'MK-DSZ'),
(1224, 238, 4, 2, 5, 'required', 'MK-DSZ'),
(1225, 239, 4, 2, 5, 'required', 'MK-DSZ'),
(1226, 240, 4, 2, 4, 'required', 'MK-DSZ'),
(1227, 241, 4, 3, 4, 'required', 'MK-DSZ'),
(1228, 242, 4, 1, 1, 'required', 'MK-DSZ'),
(1229, 243, 4, 3, 1, 'required', 'MK-DSZ'),
(1230, 244, 4, 3, 1, 'required', 'MK-DSZ'),
(1231, 147, 4, 2, 1, 'required', 'MK-DSZ'),
(1232, 128, 4, 2, 6, 'required', 'MK-DSZ'),
(1233, 129, 4, 2, 6, 'required', 'MK-DSZ'),
(1234, 172, 4, 1, 4, 'required', 'MK-DSZ'),
(1235, 173, 4, 1, 4, 'required', 'MK-DSZ'),
(1236, 103, 4, 2, 5, 'required', 'MK-DSZ'),
(1237, 94, 4, 2, 3, 'required', 'MK-DSZ'),
(1238, 95, 4, 2, 3, 'required', 'MK-DSZ'),
(1239, 201, 4, 2, 5, 'required', 'MK-DSZ'),
(1240, 202, 4, 3, 5, 'required', 'MK-DSZ'),
(1241, 245, 4, 2, 3, 'required', 'MK-DSZ'),
(1242, 246, 4, 2, 3, 'required', 'MK-DSZ'),
(1243, 148, 4, 2, 4, 'required', 'MK-DSZ'),
(1244, 149, 4, 3, 4, 'required', 'MK-DSZ'),
(1245, 205, 4, 2, 3, 'required', 'MK-DSZ'),
(1246, 206, 4, 2, 3, 'required', 'MK-DSZ'),
(1247, 247, 4, 3, 3, 'required', 'MK-DSZ'),
(1248, 248, 4, 2, 4, 'required', 'MK-DSZ'),
(1249, 249, 4, 2, 4, 'required', 'MK-DSZ'),
(1250, 124, 4, 1, 5, 'required', 'MK-DSZ'),
(1251, 125, 4, 2, 5, 'required', 'MK-DSZ'),
(1252, 196, 4, 1, 3, 'required', 'MK-DSZ'),
(1253, 197, 4, 2, 3, 'required', 'MK-DSZ'),
(1254, 198, 4, 1, 4, 'required', 'MK-DSZ'),
(1255, 199, 4, 2, 4, 'required', 'MK-DSZ'),
(1256, 250, 4, 3, 4, 'required', 'MK-DSZ'),
(1257, 203, 4, 1, 6, 'required', 'MK-DSZ'),
(1258, 204, 4, 2, 6, 'required', 'MK-DSZ'),
(1259, 251, 4, 1, 1, 'required', 'MK-DSZ'),
(1260, 252, 4, 2, 1, 'required', 'MK-DSZ'),
(1261, 253, 4, 1, 3, 'required', 'MK-DSZ'),
(1262, 254, 4, 2, 3, 'required', 'MK-DSZ'),
(1263, 255, 4, 3, 4, 'required', 'MK-DSZ'),
(1264, 256, 4, 1, 3, 'required', 'MK-DSZ'),
(1265, 257, 4, 2, 1, 'required', 'MK-DSZ'),
(1266, 258, 4, 1, 4, 'required', 'MK-DSZ'),
(1267, 259, 4, 2, 4, 'required', 'MK-DSZ'),
(1268, 260, 4, 3, 4, 'required', 'MK-DSZ'),
(1269, 261, 4, 3, 4, 'required', 'MK-DSZ'),
(1270, 262, 4, 3, 6, 'required', 'MK-DSZ'),
(1271, 263, 4, 3, 4, 'required', 'MK-DSZ'),
(1272, 264, 4, 3, 1, 'required', 'MK-DSZ'),
(1273, 265, 4, 3, 1, 'required', 'MK-DSZ'),
(1274, 266, 4, 2, 1, 'required', 'MK-DSZ'),
(1275, 267, 4, 2, 1, 'required', 'MK-DSZ'),
(1276, 151, 4, 2, 1, 'required', 'MK-DSZ'),
(1277, 268, 4, 2, 1, 'required', 'MK-DSZ'),
(1278, 269, 4, 2, 1, 'required', 'MK-DSZ'),
(1279, 189, 4, 3, 1, 'required', 'MK-DSZ'),
(1280, 153, 4, 3, 1, 'required', 'MK-DSZ'),
(1281, 270, 4, 3, 1, 'required', 'MK-DSZ'),
(1282, 271, 4, 2, 1, 'required', 'MK-DSZ'),
(1283, 155, 4, 4, 1, 'required', 'MK-DSZ'),
(1284, 156, 4, 0, 1, 'required', 'MK-DSZ'),
(1285, 159, 4, 4, 1, 'required', 'MK-DSZ'),
(1286, 160, 4, 0, 1, 'required', 'MK-DSZ'),
(1287, 272, 4, 3, 1, 'required', 'MK-DSZ'),
(1288, 163, 4, 5, 1, 'required', 'MK-DSZ'),
(1289, 273, 4, 3, 1, 'required', 'MK-DSZ'),
(1290, 274, 4, 2, 1, 'required', 'MK-DSZ'),
(1291, 164, 4, 0, 1, 'required', 'MK-DSZ'),
(1292, 275, 4, 2, 1, 'required', 'MK-DSZ'),
(1293, 276, 4, 3, 1, 'required', 'MK-DSZ'),
(1294, 277, 4, 0, 1, 'required', 'MK-DSZ'),
(1295, 165, 4, 4, 1, 'required', 'MK-DSZ'),
(1296, 166, 4, 2, 1, 'required', 'MK-DSZ'),
(1297, 278, 4, 1, 1, 'required', 'MK-DSZ'),
(1298, 185, 4, 3, 4, 'required', 'MK-DSZ'),
(1299, 279, 4, 1, 1, 'required', 'MK-DSZ'),
(1300, 280, 4, 2, 1, 'required', 'MK-DSZ'),
(1301, 281, 4, 3, 1, 'required', 'MK-DSZ'),
(1302, 282, 4, 2, 1, 'required', 'MK-DSZ'),
(1303, 283, 4, 3, 5, 'required', 'MK-DSZ'),
(1304, 284, 4, 2, 1, 'required', 'MK-DSZ'),
(1305, 285, 4, 1, 1, 'required', 'MK-DSZ'),
(1306, 286, 4, 2, 1, 'required', 'MK-DSZ'),
(1307, 287, 4, 1, 1, 'required', 'MK-DSZ'),
(1308, 288, 4, 2, 1, 'required', 'MK-DSZ'),
(1309, 289, 4, 3, 1, 'required', 'MK-DSZ'),
(1310, 290, 4, 2, 1, 'required', 'MK-DSZ'),
(1311, 291, 4, 3, 1, 'required', 'MK-DSZ'),
(1312, 292, 4, 2, 1, 'required', 'MK-DSZ'),
(1313, 293, 4, 3, 1, 'required', 'MK-DSZ'),
(1314, 294, 4, 2, 1, 'required', 'MK-DSZ'),
(1315, 295, 4, 2, 1, 'required', 'MK-DSZ'),
(1316, 296, 4, 1, 1, 'required', 'MK-DSZ'),
(1317, 297, 4, 1, 1, 'required', 'MK-DSZ'),
(1318, 298, 4, 3, 5, 'required', 'MK-DSZ'),
(1319, 299, 4, 3, 1, 'required', 'MK-DSZ'),
(1320, 300, 4, 2, 1, 'required', 'MK-DSZ'),
(1321, 301, 4, 3, 1, 'required', 'MK-DSZ'),
(1322, 302, 4, 2, 3, 'required', 'MK-DSZ'),
(1323, 303, 4, 2, 3, 'required', 'MK-DSZ'),
(1324, 304, 4, 4, 1, 'required', 'MK-DSZ'),
(1325, 305, 4, 1, 4, 'required', 'MK-DSZ'),
(1326, 306, 4, 3, 4, 'required', 'MK-DSZ'),
(1327, 307, 4, 2, 1, 'required', 'MK-DSZ'),
(1328, 308, 4, 1, 1, 'required', 'MK-DSZ'),
(1329, 309, 4, 1, 1, 'required', 'MK-DSZ'),
(1330, 310, 4, 3, 4, 'required', 'MK-DSZ'),
(1331, 311, 4, 2, 1, 'required', 'MK-DSZ'),
(1332, 312, 4, 3, 1, 'required', 'MK-DSZ'),
(1333, 313, 4, 3, 4, 'required', 'MK-DSZ'),
(1334, 314, 4, 3, 1, 'required', 'MK-DSZ'),
(1335, 315, 4, 2, 1, 'required', 'MK-DSZ'),
(1336, 316, 4, 2, 1, 'required', 'MK-DSZ'),
(1337, 150, 4, 2, 1, 'required', 'MK-DSZ'),
(1338, 317, 4, 3, 3, 'required', 'MK-DSZ'),
(1339, 318, 4, 1, 1, 'required', 'MK-DSZ'),
(1340, 319, 4, 2, 1, 'required', 'MK-DSZ'),
(1341, 320, 4, 3, 1, 'required', 'MK-DSZ'),
(1342, 321, 4, 3, 1, 'required', 'MK-DSZ'),
(1343, 322, 4, 3, 1, 'required', 'MK-DSZ'),
(1344, 323, 4, 2, 1, 'required', 'MK-DSZ'),
(1345, 324, 4, 3, 3, 'required', 'MK-DSZ'),
(1346, 325, 4, 1, 1, 'required', 'MK-DSZ'),
(1347, 326, 4, 1, 1, 'required', 'MK-DSZ'),
(1348, 327, 4, 2, 1, 'required', 'MK-DSZ'),
(1349, 328, 4, 3, 1, 'required', 'MK-DSZ'),
(1350, 329, 4, 1, 1, 'required', 'MK-DSZ'),
(1351, 330, 4, 2, 1, 'required', 'MK-DSZ'),
(1352, 331, 4, 1, 3, 'required', 'MK-DSZ'),
(1353, 332, 4, 3, 3, 'required', 'MK-DSZ'),
(1354, 333, 4, 3, 4, 'required', 'MK-DSZ'),
(1355, 334, 4, 3, 1, 'required', 'MK-DSZ'),
(1356, 335, 4, 1, 2, 'required', 'MK-DSZ'),
(1357, 336, 4, 1, 3, 'required', 'MK-DSZ'),
(1358, 337, 4, 1, 5, 'required', 'MK-DSZ'),
(1359, 338, 4, 1, 6, 'required', 'MK-DSZ'),
(1360, 339, 4, 1, 4, 'required', 'MK-DSZ'),
(1361, 340, 4, 1, 2, 'required', 'MK-DSZ'),
(1362, 341, 4, 1, 2, 'required', 'MK-DSZ'),
(1363, 342, 4, 1, 2, 'required', 'MK-DSZ'),
(1364, 343, 4, 1, 5, 'required', 'MK-DSZ'),
(1365, 344, 4, 1, 3, 'required', 'MK-DSZ'),
(1366, 345, 4, 1, 5, 'required', 'MK-DSZ'),
(1367, 183, 4, 3, 1, 'required', 'MK-DSZ'),
(1368, 346, 4, 1, 1, 'required', 'MK-DSZ'),
(1369, 347, 4, 1, 1, 'required', 'MK-DSZ'),
(1370, 348, 4, 1, 1, 'required', 'MK-DSZ'),
(1371, 349, 4, 1, 1, 'required', 'MK-DSZ'),
(1372, 102, 4, 2, 5, 'required', 'MK-DSZ'),
(1373, 350, 4, 3, 2, 'required', 'MK-DSZ'),
(1374, 351, 4, 1, 6, 'required', 'MK-DSZ'),
(1375, 352, 4, 2, 6, 'required', 'MK-DSZ'),
(1376, 353, 4, 3, 4, 'required', 'MK-DSZ'),
(1377, 354, 4, 2, 4, 'required', 'MK-DSZ'),
(1378, 355, 4, 2, 5, 'required', 'MK-DSZ'),
(1379, 356, 4, 2, 5, 'required', 'MK-DSZ'),
(1380, 357, 4, 2, 1, 'optional', 'MK-SZV'),
(1381, 358, 4, 3, 1, 'optional', 'MK-SZV'),
(1382, 359, 4, 1, 1, 'optional', 'MK-SZV'),
(1383, 360, 4, 0, 1, 'optional', 'MK-SZV'),
(1384, 361, 4, 2, 1, 'optional', 'MK-SZV'),
(1385, 362, 4, 2, 1, 'optional', 'MK-SZV'),
(1386, 363, 4, 2, 1, 'optional', 'MK-SZV'),
(1387, 364, 4, 2, 1, 'optional', 'MK-SZV'),
(1388, 365, 4, 2, 1, 'optional', 'MK-SZV'),
(1389, 366, 4, 2, 1, 'optional', 'MK-SZV'),
(1390, 367, 4, 2, 1, 'optional', 'MK-SZV'),
(1391, 368, 4, 2, 1, 'optional', 'MK-SZV'),
(1392, 369, 4, 2, 1, 'optional', 'MK-SZV'),
(1393, 370, 4, 2, 1, 'optional', 'MK-SZV'),
(1394, 371, 4, 2, 1, 'optional', 'MK-SZV'),
(1395, 372, 4, 3, 1, 'optional', 'MK-SZV'),
(1396, 373, 4, 0, 1, 'optional', 'MK-SZV'),
(1397, 374, 4, 10, 5, 'required', 'MK-SZD'),
(1398, 375, 4, 10, 6, 'required', 'MK-SZD'),
(2798, 64, 3, 2, 1, 'required', 'MK-ALA'),
(2799, 65, 3, 3, 1, 'required', 'MK-ALA'),
(2800, 223, 3, 2, 1, 'required', 'MK-ALA'),
(2801, 224, 3, 3, 1, 'required', 'MK-ALA'),
(2802, 66, 3, 2, 2, 'required', 'MK-ALA'),
(2803, 67, 3, 3, 2, 'required', 'MK-ALA'),
(2804, 68, 3, 2, 3, 'required', 'MK-ALA'),
(2805, 69, 3, 1, 3, 'required', 'MK-ALA'),
(2806, 72, 3, 2, 3, 'required', 'MK-ALA'),
(2807, 73, 3, 2, 3, 'required', 'MK-ALA'),
(2808, 100, 3, 2, 5, 'required', 'MK-ALA'),
(2809, 101, 3, 2, 5, 'required', 'MK-ALA'),
(2810, 105, 3, 2, 2, 'required', 'MK-ALA'),
(2811, 106, 3, 2, 2, 'required', 'MK-ALA'),
(2812, 107, 3, 1, 1, 'required', 'MK-ALA'),
(2813, 108, 3, 3, 1, 'required', 'MK-ALA'),
(2814, 109, 3, 2, 3, 'required', 'MK-ALA'),
(2815, 110, 3, 2, 3, 'required', 'MK-ALA'),
(2816, 111, 3, 2, 2, 'required', 'MK-ALA'),
(2817, 112, 3, 2, 2, 'required', 'MK-ALA'),
(2818, 117, 3, 2, 2, 'required', 'MK-SZT'),
(2819, 118, 3, 2, 2, 'required', 'MK-SZT'),
(2820, 104, 3, 3, 1, 'required', 'MK-SZT'),
(2821, 113, 3, 2, 3, 'required', 'MK-SZT'),
(2822, 114, 3, 2, 3, 'required', 'MK-SZT'),
(2823, 121, 3, 2, 1, 'required', 'MK-SZT'),
(2824, 126, 3, 2, 3, 'required', 'MK-SZT'),
(2825, 127, 3, 2, 3, 'required', 'MK-SZT'),
(2826, 119, 3, 2, 4, 'required', 'MK-SZT'),
(2827, 120, 3, 2, 4, 'required', 'MK-SZT'),
(2828, 132, 3, 2, 6, 'required', 'MK-SZT'),
(2829, 133, 3, 1, 6, 'required', 'MK-SZT'),
(2830, 130, 3, 2, 2, 'required', 'MK-SZT'),
(2831, 131, 3, 2, 2, 'required', 'MK-SZT'),
(2832, 167, 3, 2, 4, 'required', 'MK-SZT'),
(2833, 168, 3, 2, 4, 'required', 'MK-SZT'),
(2834, 134, 3, 4, 1, 'required', 'MK-SZT-P'),
(2835, 135, 3, 4, 1, 'required', 'MK-SZT-P'),
(2836, 225, 3, 3, 2, 'required', 'MK-SZT-P'),
(2837, 137, 3, 3, 2, 'required', 'MK-SZT-P'),
(2838, 138, 3, 2, 1, 'required', 'MK-SZT-P'),
(2839, 139, 3, 3, 1, 'required', 'MK-SZT-P'),
(2840, 140, 3, 2, 2, 'required', 'MK-SZT-P'),
(2841, 141, 3, 3, 2, 'required', 'MK-SZT-P'),
(2842, 142, 3, 2, 1, 'required', 'MK-SZT-P'),
(2843, 226, 3, 2, 1, 'required', 'MK-SZT-P'),
(2844, 96, 3, 2, 3, 'required', 'MK-SZT-P'),
(2845, 97, 3, 2, 3, 'required', 'MK-SZT-P'),
(2846, 98, 3, 2, 2, 'required', 'MK-SZT-P'),
(2847, 99, 3, 2, 2, 'required', 'MK-SZT-P'),
(2848, 227, 3, 2, 2, 'required', 'MK-DIF-MATSZT'),
(2849, 228, 3, 2, 2, 'required', 'MK-DIF-MATSZT'),
(2850, 190, 3, 2, 2, 'required', 'MK-DIF-MATSZT'),
(2851, 191, 3, 3, 2, 'required', 'MK-DIF-MATSZT'),
(2852, 192, 3, 2, 3, 'required', 'MK-DIF-MATSZT'),
(2853, 193, 3, 3, 3, 'required', 'MK-DIF-MATSZT'),
(2854, 194, 3, 2, 3, 'elective', 'MK-S-MI-MATSZT-S'),
(2855, 195, 3, 3, 3, 'elective', 'MK-S-MI-MATSZT-S'),
(2856, 74, 3, 2, 4, 'required', 'MK-S-MI-MATSZT-A'),
(2857, 75, 3, 2, 4, 'required', 'MK-S-MI-MATSZT-A'),
(2858, 170, 3, 2, 4, 'required', 'MK-DIF-MATSZT'),
(2859, 171, 3, 2, 4, 'required', 'MK-DIF-MATSZT'),
(2860, 229, 3, 2, 2, 'elective', 'MK-S-MI-MATSZT-S'),
(2861, 230, 3, 2, 2, 'elective', 'MK-S-MI-MATSZT-S'),
(2862, 231, 3, 3, 4, 'elective', 'MK-S-MI-MATSZT-S'),
(2863, 232, 3, 3, 4, 'required', 'MK-DIF-MATSZT'),
(2864, 233, 3, 3, 1, 'required', 'MK-DIF-MATSZT'),
(2865, 234, 3, 2, 1, 'required', 'MK-DIF-MATSZT'),
(2866, 235, 3, 4, 1, 'required', 'MK-S-MI-INF-S'),
(2867, 236, 3, 2, 4, 'required', 'MK-DIF-MATSZT-SZT'),
(2868, 237, 3, 2, 4, 'required', 'MK-DIF-MATSZT-SZT'),
(2869, 238, 3, 2, 5, 'required', 'MK-DIF-MATSZT-SZT'),
(2870, 239, 3, 2, 5, 'required', 'MK-DIF-MATSZT-SZT'),
(2871, 240, 3, 2, 4, 'required', 'MK-DIF-MATSZT-SZT'),
(2872, 241, 3, 3, 4, 'required', 'MK-DIF-MATSZT-SZT'),
(2873, 242, 3, 1, 1, 'required', 'MK-DIF-MATSZT-SZT'),
(2874, 243, 3, 3, 1, 'required', 'MK-DIF-MATSZT-SZT'),
(2875, 244, 3, 3, 1, 'required', 'MK-DIF-MATSZT-SZT'),
(2876, 147, 3, 2, 1, 'required', 'MK-DIF-INF'),
(2877, 128, 3, 2, 6, 'required', 'MK-DIF-INF'),
(2878, 129, 3, 2, 6, 'required', 'MK-DIF-INF'),
(2879, 172, 3, 1, 4, 'required', 'MK-DIF-INF'),
(2880, 173, 3, 1, 4, 'required', 'MK-DIF-INF'),
(2881, 103, 3, 2, 5, 'required', 'MK-S-MI-INF-S'),
(2882, 94, 3, 2, 3, 'required', 'MK-S-MI-INF-S'),
(2883, 95, 3, 2, 3, 'required', 'MK-S-MI-INF-S'),
(2884, 201, 3, 2, 5, 'required', 'MK-DIF-MATSZT'),
(2885, 202, 3, 3, 5, 'required', 'MK-DIF-MATSZT'),
(2886, 245, 3, 2, 3, 'required', 'MK-DIF-MATSZT'),
(2887, 246, 3, 2, 3, 'required', 'MK-DIF-MATSZT'),
(2888, 148, 3, 2, 4, 'required', 'MK-S-MI-INF-S'),
(2889, 149, 3, 3, 4, 'required', 'MK-S-MI-INF-S'),
(2890, 205, 3, 2, 3, 'required', 'MK-S-MI-INF-A'),
(2891, 206, 3, 2, 3, 'required', 'MK-S-MI-INF-A'),
(2892, 247, 3, 3, 3, 'required', 'MK-DIF-INF'),
(2893, 248, 3, 2, 4, 'required', 'MK-DIF-MATSZT'),
(2894, 249, 3, 2, 4, 'required', 'MK-DIF-MATSZT'),
(2895, 124, 3, 1, 5, 'required', 'MK-DIF-MATSZT'),
(2896, 125, 3, 2, 5, 'required', 'MK-DIF-MATSZT'),
(2897, 196, 3, 1, 3, 'required', 'MK-DIF-MATSZT'),
(2898, 197, 3, 2, 3, 'required', 'MK-DIF-MATSZT'),
(2899, 198, 3, 1, 4, 'required', 'MK-DIF-MATSZT'),
(2900, 199, 3, 2, 4, 'required', 'MK-DIF-MATSZT'),
(2901, 250, 3, 3, 4, 'required', 'MK-DIF-MATSZT'),
(2902, 203, 3, 1, 6, 'required', 'MK-DIF-MATSZT'),
(2903, 204, 3, 2, 6, 'required', 'MK-DIF-MATSZT'),
(2904, 251, 3, 1, 1, 'required', 'MK-DIF-MATSZT'),
(2905, 252, 3, 2, 1, 'required', 'MK-DIF-MATSZT'),
(2906, 253, 3, 1, 3, 'required', 'MK-S-MI-INF-A'),
(2907, 254, 3, 2, 3, 'required', 'MK-S-MI-INF-A'),
(2908, 255, 3, 3, 4, 'required', 'MK-S-MI-INF-S'),
(2909, 256, 3, 1, 3, 'required', 'MK-S-MI-INF-A'),
(2910, 257, 3, 2, 1, 'required', 'MK-DIF-MATSZT'),
(2911, 258, 3, 1, 4, 'required', 'MK-S-MI-INF-S'),
(2912, 259, 3, 2, 4, 'required', 'MK-S-MI-INF-S'),
(2913, 260, 3, 3, 4, 'required', 'MK-S-MI-INF-A'),
(2914, 261, 3, 3, 4, 'required', 'MK-S-MI-INF-A'),
(2915, 262, 3, 3, 6, 'required', 'MK-S-MI-INF-A'),
(2916, 263, 3, 3, 4, 'required', 'MK-S-MI-INF-A'),
(2917, 264, 3, 3, 1, 'required', 'MK-DIF-MATSZT'),
(2918, 265, 3, 3, 1, 'required', 'MK-DIF-MATSZT'),
(2919, 266, 3, 2, 1, 'required', 'MK-DIF-MATSZT'),
(2920, 267, 3, 2, 1, 'required', 'MK-DIF-MATSZT'),
(2921, 151, 3, 2, 1, 'required', 'MK-DIF-MATSZT'),
(2922, 268, 3, 2, 1, 'required', 'MK-DIF-MATSZT'),
(2923, 269, 3, 2, 1, 'required', 'MK-DIF-MATSZT'),
(2924, 189, 3, 3, 1, 'required', 'MK-DIF-MATSZT'),
(2925, 153, 3, 3, 1, 'required', 'MK-DIF-MATSZT'),
(2926, 270, 3, 3, 1, 'required', 'MK-DIF-MATSZT'),
(2927, 271, 3, 2, 1, 'required', 'MK-DIF-MATSZT'),
(2928, 155, 3, 4, 1, 'required', 'MK-DIF-MATSZT'),
(2929, 156, 3, 0, 1, 'required', 'MK-DIF-MATSZT'),
(2930, 159, 3, 4, 1, 'required', 'MK-DIF-MATSZT'),
(2931, 160, 3, 0, 1, 'required', 'MK-DIF-MATSZT'),
(2932, 272, 3, 3, 1, 'required', 'MK-DIF-MATSZT'),
(2933, 163, 3, 5, 1, 'required', 'MK-DIF-MATSZT'),
(2934, 273, 3, 3, 1, 'required', 'MK-DIF-MATSZT'),
(2935, 274, 3, 2, 1, 'required', 'MK-DIF-MATSZT'),
(2936, 164, 3, 0, 1, 'required', 'MK-DIF-MATSZT'),
(2937, 275, 3, 2, 1, 'required', 'MK-DIF-MATSZT'),
(2938, 276, 3, 3, 1, 'required', 'MK-DIF-MATSZT'),
(2939, 277, 3, 0, 1, 'required', 'MK-DIF-MATSZT'),
(2940, 165, 3, 4, 1, 'required', 'MK-DIF-MATSZT'),
(2941, 166, 3, 2, 1, 'required', 'MK-DIF-MATSZT'),
(2942, 278, 3, 1, 1, 'required', 'MK-DIF-MATSZT'),
(2943, 185, 3, 3, 4, 'required', 'MK-S-MI-INF-S'),
(2944, 279, 3, 1, 1, 'required', 'MK-DIF-MATSZT'),
(2945, 280, 3, 2, 1, 'required', 'MK-DIF-MATSZT'),
(2946, 281, 3, 3, 1, 'required', 'MK-DIF-MATSZT'),
(2947, 282, 3, 2, 1, 'required', 'MK-DIF-MATSZT'),
(2948, 283, 3, 3, 5, 'required', 'MK-S-MI-INF-S'),
(2949, 284, 3, 2, 1, 'required', 'MK-DIF-MATSZT'),
(2950, 285, 3, 1, 1, 'required', 'MK-DIF-MATSZT'),
(2951, 286, 3, 2, 1, 'required', 'MK-DIF-MATSZT'),
(2952, 287, 3, 1, 1, 'required', 'MK-DIF-MATSZT'),
(2953, 288, 3, 2, 1, 'required', 'MK-DIF-MATSZT'),
(2954, 289, 3, 3, 1, 'required', 'MK-DIF-MATSZT'),
(2955, 290, 3, 2, 1, 'required', 'MK-DIF-MATSZT'),
(2956, 291, 3, 3, 1, 'required', 'MK-DIF-MATSZT'),
(2957, 292, 3, 2, 1, 'required', 'MK-DIF-MATSZT'),
(2958, 293, 3, 3, 1, 'required', 'MK-DIF-MATSZT'),
(2959, 294, 3, 2, 1, 'required', 'MK-DIF-MATSZT'),
(2960, 295, 3, 2, 1, 'required', 'MK-DIF-MATSZT'),
(2961, 296, 3, 1, 1, 'required', 'MK-DIF-MATSZT'),
(2962, 297, 3, 1, 1, 'required', 'MK-DIF-MATSZT'),
(2963, 298, 3, 3, 5, 'required', 'MK-S-MI-INF-A'),
(2964, 299, 3, 3, 1, 'required', 'MK-DIF-MATSZT'),
(2965, 300, 3, 2, 1, 'required', 'MK-DIF-MATSZT'),
(2966, 301, 3, 3, 1, 'required', 'MK-DIF-MATSZT'),
(2967, 302, 3, 2, 3, 'required', 'MK-DIF-MATSZT'),
(2968, 303, 3, 2, 3, 'required', 'MK-DIF-MATSZT'),
(2969, 304, 3, 4, 1, 'required', 'MK-S-MI-INF-S'),
(2970, 305, 3, 1, 4, 'required', 'MK-DIF-MATSZT'),
(2971, 306, 3, 3, 4, 'required', 'MK-DIF-MATSZT'),
(2972, 307, 3, 2, 1, 'required', 'MK-DIF-MATSZT'),
(2973, 308, 3, 1, 1, 'required', 'MK-DIF-MATSZT'),
(2974, 309, 3, 1, 1, 'required', 'MK-DIF-MATSZT'),
(2975, 310, 3, 3, 4, 'required', 'MK-DIF-MATSZT'),
(2976, 311, 3, 2, 1, 'required', 'MK-DIF-MATSZT'),
(2977, 312, 3, 3, 1, 'required', 'MK-DIF-MATSZT'),
(2978, 313, 3, 3, 4, 'required', 'MK-DIF-MATSZT'),
(2979, 314, 3, 3, 1, 'required', 'MK-DIF-MATSZT'),
(2980, 315, 3, 2, 1, 'required', 'MK-DIF-MATSZT'),
(2981, 316, 3, 2, 1, 'required', 'MK-DIF-MATSZT'),
(2982, 150, 3, 2, 1, 'required', 'MK-DIF-MATSZT'),
(2983, 317, 3, 3, 3, 'required', 'MK-DIF-MATSZT'),
(2984, 318, 3, 1, 1, 'required', 'MK-DIF-MATSZT'),
(2985, 319, 3, 2, 1, 'required', 'MK-DIF-MATSZT'),
(2986, 320, 3, 3, 1, 'required', 'MK-DIF-MATSZT'),
(2987, 321, 3, 3, 1, 'required', 'MK-DIF-MATSZT'),
(2988, 322, 3, 3, 1, 'required', 'MK-DIF-MATSZT'),
(2989, 323, 3, 2, 1, 'required', 'MK-DIF-MATSZT'),
(2990, 324, 3, 3, 3, 'required', 'MK-DIF-MATSZT'),
(2991, 325, 3, 1, 1, 'required', 'MK-DIF-MATSZT'),
(2992, 326, 3, 1, 1, 'required', 'MK-DIF-MATSZT'),
(2993, 327, 3, 2, 1, 'required', 'MK-DIF-MATSZT'),
(2994, 328, 3, 3, 1, 'required', 'MK-DIF-MATSZT'),
(2995, 329, 3, 1, 1, 'required', 'MK-DIF-MATSZT'),
(2996, 330, 3, 2, 1, 'required', 'MK-DIF-MATSZT'),
(2997, 331, 3, 1, 3, 'required', 'MK-DIF-MATSZT'),
(2998, 332, 3, 3, 3, 'required', 'MK-DIF-MATSZT'),
(2999, 333, 3, 3, 4, 'required', 'MK-DIF-MATSZT'),
(3000, 334, 3, 3, 1, 'required', 'MK-DIF-MATSZT'),
(3001, 335, 3, 1, 2, 'elective', 'MK-TEGO'),
(3002, 336, 3, 1, 3, 'elective', 'MK-TEGO'),
(3003, 337, 3, 1, 5, 'elective', 'MK-TEGO'),
(3004, 338, 3, 1, 6, 'elective', 'MK-TEGO'),
(3005, 339, 3, 1, 4, 'elective', 'MK-TEGO'),
(3006, 340, 3, 1, 2, 'elective', 'MK-TEGO'),
(3007, 341, 3, 1, 2, 'elective', 'MK-TEGO'),
(3008, 342, 3, 1, 2, 'elective', 'MK-TEGO'),
(3009, 343, 3, 1, 5, 'elective', 'MK-TEGO'),
(3010, 344, 3, 1, 3, 'elective', 'MK-TEGO'),
(3011, 345, 3, 1, 5, 'elective', 'MK-TEGO'),
(3012, 183, 3, 3, 1, 'required', 'MK-DIF-MATSZT'),
(3013, 346, 3, 1, 1, 'elective', 'MK-TEGO'),
(3014, 347, 3, 1, 1, 'elective', 'MK-TEGO'),
(3015, 348, 3, 1, 1, 'elective', 'MK-TEGO'),
(3016, 349, 3, 1, 1, 'elective', 'MK-TEGO'),
(3017, 102, 3, 2, 5, 'required', 'MK-S-MI-INF-S'),
(3018, 350, 3, 3, 2, 'elective', 'MK-S-MI-MATSZT-S'),
(3019, 351, 3, 1, 6, 'required', 'MK-S-MI-INF-S'),
(3020, 352, 3, 2, 6, 'required', 'MK-S-MI-INF-S'),
(3021, 353, 3, 3, 4, 'required', 'MK-S-MI-INF-S'),
(3022, 354, 3, 2, 4, 'required', 'MK-S-MI-INF-S'),
(3023, 355, 3, 2, 5, 'required', 'MK-S-MI-INF-S'),
(3024, 356, 3, 2, 5, 'required', 'MK-S-MI-INF-S'),
(3025, 357, 3, 2, 1, 'optional', 'MK-SZV'),
(3026, 358, 3, 3, 1, 'optional', 'MK-SZV'),
(3027, 359, 3, 1, 1, 'optional', 'MK-SZV'),
(3028, 360, 3, 0, 1, 'optional', 'MK-SZV'),
(3029, 361, 3, 2, 1, 'optional', 'MK-SZV'),
(3030, 362, 3, 2, 1, 'optional', 'MK-SZV'),
(3031, 363, 3, 2, 1, 'optional', 'MK-SZV'),
(3032, 364, 3, 2, 1, 'optional', 'MK-SZV'),
(3033, 365, 3, 2, 1, 'optional', 'MK-SZV'),
(3034, 366, 3, 2, 1, 'optional', 'MK-SZV'),
(3035, 367, 3, 2, 1, 'optional', 'MK-SZV'),
(3036, 368, 3, 2, 1, 'optional', 'MK-SZV'),
(3037, 369, 3, 2, 1, 'optional', 'MK-SZV'),
(3038, 370, 3, 2, 1, 'optional', 'MK-SZV'),
(3039, 371, 3, 2, 1, 'optional', 'MK-SZV'),
(3040, 372, 3, 3, 1, 'optional', 'MK-SZV'),
(3041, 373, 3, 0, 1, 'optional', 'MK-SZV'),
(3042, 374, 3, 10, 5, 'required', 'MK-SZD'),
(3043, 375, 3, 10, 6, 'required', 'MK-SZD'),
(3044, 209, 3, 5, 6, 'required', 'MK-SZD'),
(3045, 210, 3, 10, 7, 'required', 'MK-SZD'),
(3046, 208, 3, 320, 1, 'practice', 'MK-SZG'),
(3048, 585, 8, 1, 1, 'required', 'MK-NSC'),
(3049, 586, 8, 3, 1, 'required', 'MK-NSC'),
(3050, 587, 8, 3, 1, 'required', 'MK-NSC'),
(3051, 588, 8, 1, 1, 'required', 'MK-NSC'),
(3052, 589, 8, 1, 1, 'required', 'MK-NSC'),
(3053, 590, 8, 3, 1, 'required', 'MK-NSC'),
(3054, 591, 8, 1, 1, 'required', 'MK-NSC'),
(3055, 592, 8, 3, 1, 'required', 'MK-NSC'),
(3056, 593, 8, 1, 2, 'required', 'MK-NSC'),
(3057, 594, 8, 3, 2, 'required', 'MK-NSC'),
(3058, 595, 8, 3, 1, 'required', 'MK-NSC'),
(3059, 596, 8, 3, 2, 'required', 'MK-NSC'),
(3060, 597, 8, 3, 1, 'required', 'MK-COR'),
(3061, 598, 8, 2, 1, 'required', 'MK-COR'),
(3062, 599, 8, 2, 1, 'required', 'MK-COR'),
(3063, 584, 8, 2, 1, 'required', 'MK-COR'),
(3064, 600, 8, 4, 2, 'required', 'MK-COR'),
(3065, 601, 8, 2, 2, 'required', 'MK-COR'),
(3066, 602, 8, 2, 2, 'required', 'MK-COR'),
(3067, 603, 8, 2, 2, 'required', 'MK-COR'),
(3068, 604, 8, 3, 2, 'required', 'MK-COR'),
(3069, 605, 8, 2, 2, 'required', 'MK-COR'),
(3070, 606, 8, 3, 2, 'elective', 'MK-ELI'),
(3071, 607, 8, 2, 2, 'elective', 'MK-ELI'),
(3072, 608, 8, 2, 3, 'elective', 'MK-ELI'),
(3073, 609, 8, 3, 3, 'elective', 'MK-ELI'),
(3074, 610, 8, 2, 3, 'elective', 'MK-ELI'),
(3075, 611, 8, 3, 3, 'elective', 'MK-ELI'),
(3076, 612, 8, 2, 3, 'elective', 'MK-ELI'),
(3077, 613, 8, 2, 3, 'elective', 'MK-ELI'),
(3078, 614, 8, 0, 1, 'elective', 'MK-ELI'),
(3079, 615, 8, 4, 1, 'elective', 'MK-ELI'),
(3080, 616, 8, 0, 1, 'elective', 'MK-ELI'),
(3081, 617, 8, 3, 1, 'elective', 'MK-ELI'),
(3082, 618, 8, 2, 1, 'elective', 'MK-ELI'),
(3083, 619, 8, 2, 1, 'elective', 'MK-ELI'),
(3084, 620, 8, 3, 1, 'elective', 'MK-ELI'),
(3085, 621, 8, 3, 1, 'elective', 'MK-ELI'),
(3086, 622, 8, 2, 1, 'elective', 'MK-ELI'),
(3087, 623, 8, 3, 1, 'elective', 'MK-ELI'),
(3088, 624, 8, 3, 1, 'elective', 'MK-ELI'),
(3089, 552, 8, 1, 1, 'elective', 'MK-ELI'),
(3090, 553, 8, 2, 1, 'elective', 'MK-ELI'),
(3091, 557, 8, 3, 1, 'elective', 'MK-ELI'),
(3092, 625, 8, 3, 2, 'elective', 'MK-ELM'),
(3093, 626, 8, 2, 2, 'elective', 'MK-ELM'),
(3094, 627, 8, 3, 3, 'elective', 'MK-ELM'),
(3095, 628, 8, 2, 3, 'elective', 'MK-ELM'),
(3096, 629, 8, 1, 4, 'elective', 'MK-ELM'),
(3097, 630, 8, 3, 4, 'elective', 'MK-ELM'),
(3098, 631, 8, 1, 4, 'elective', 'MK-ELM'),
(3099, 632, 8, 3, 4, 'elective', 'MK-ELM'),
(3100, 633, 8, 3, 1, 'elective', 'MK-ELM'),
(3101, 634, 8, 1, 1, 'elective', 'MK-ELM'),
(3102, 635, 8, 3, 1, 'elective', 'MK-ELM'),
(3103, 554, 8, 2, 1, 'elective', 'MK-ELM'),
(3104, 555, 8, 2, 1, 'elective', 'MK-ELM'),
(3105, 636, 8, 20, 4, 'required', 'MK-THE'),
(3106, 637, 8, 10, 3, 'required', 'MK-THE'),
(3107, 638, 8, 3, 1, 'optional', 'MK-ELG'),
(3108, 639, 8, 3, 3, 'optional', 'MK-ELG'),
(3109, 371, 8, 2, 1, 'optional', 'MK-ELG'),
(3110, 550, 8, 2, 1, 'optional', 'MK-ELG'),
(3111, 551, 8, 2, 1, 'optional', 'MK-ELG'),
(3112, 556, 8, 6, 1, 'optional', 'MK-ELG'),
(3113, 640, 8, 2, 2, 'required', NULL),
(3114, 641, 8, 0, 2, 'required', NULL),
(3115, 642, 8, 2, 1, 'required', NULL),
(3116, 641, 8, 0, 2, 'required', 'MK-ELG'),
(3117, 643, 8, 2, 1, 'required', 'MK-ELG');

-- --------------------------------------------------------

--
-- Tábla szerkezet ehhez a táblához `majors`
--

DROP TABLE IF EXISTS `majors`;
CREATE TABLE `majors` (
  `id` int(11) NOT NULL,
  `name` varchar(100) NOT NULL,
  `name_en` varchar(255) DEFAULT NULL
) ENGINE=InnoDB DEFAULT CHARSET=utf8mb4 COLLATE=utf8mb4_general_ci;

--
-- A tábla adatainak kiíratása `majors`
--

INSERT INTO `majors` (`id`, `name`, `name_en`) VALUES
(1, 'Gazdaságinformatikus', 'Business Informatics'),
(2, 'Mérnökinformatikus', 'Computer Engineering'),
(3, 'Programtervező informatikus', 'Computer Science'),
(4, 'Villamosmérnök', 'Electrical Engineering'),
(5, 'Üzemmérnök-informatikus', 'Engineering Informatics'),
(8, 'Computer Science', 'Computer Science');

-- --------------------------------------------------------

--
-- Tábla szerkezet ehhez a táblához `major_requirement_rules`
--

DROP TABLE IF EXISTS `major_requirement_rules`;
CREATE TABLE `major_requirement_rules` (
  `id` int(11) NOT NULL,
  `major_id` int(11) NOT NULL,
  `code` varchar(80) NOT NULL,
  `label_hu` varchar(255) NOT NULL,
  `label_en` varchar(255) DEFAULT NULL,
  `requirement_type` varchar(50) NOT NULL,
  `subgroup` varchar(80) DEFAULT NULL,
  `value_type` varchar(20) NOT NULL DEFAULT 'credits',
  `min_value` int(11) NOT NULL DEFAULT 0,
  `include_in_total` tinyint(1) NOT NULL DEFAULT 1,
  `parent_rule_code` varchar(80) DEFAULT NULL,
  `is_specialization_root` tinyint(1) NOT NULL DEFAULT 0
) ENGINE=InnoDB DEFAULT CHARSET=utf8mb4 COLLATE=utf8mb4_general_ci;

--
-- A tábla adatainak kiíratása `major_requirement_rules`
--

INSERT INTO `major_requirement_rules` (`id`, `major_id`, `code`, `label_hu`, `label_en`, `requirement_type`, `subgroup`, `value_type`, `min_value`, `include_in_total`, `parent_rule_code`, `is_specialization_root`) VALUES
(1, 1, 'required_credits', 'Kotelezo kreditek', 'Required credits', 'required', NULL, 'credits', 69, 1, NULL, 0),
(2, 1, 'elective_core_credits', 'Kotelezoen valaszthato torzs', 'Core elective credits', 'elective', 'elective_core_credits', 'credits', 80, 1, NULL, 0),
(3, 1, 'elective_info_credits', 'Informatikai torzs', 'IT core credits', 'elective', 'elective_info_credits', 'credits', 44, 1, NULL, 0),
(4, 1, 'elective_non_core_credits', 'Kotelezoen valaszthato nem torzs', 'Non-core elective credits', 'elective', '__NULL__', 'credits', 36, 1, NULL, 0),
(5, 1, 'optional_credits', 'Szabadon valaszthato kreditek', 'Optional credits', 'optional', NULL, 'credits', 10, 1, NULL, 0),
(6, 1, 'pe_semesters', 'Testneveles felevek', 'PE semesters', 'pe', 'pe', 'count', 2, 0, NULL, 0),
(7, 1, 'practice_hours', 'Szakmai gyakorlat orak', 'Practice hours', 'required', 'practice_hours', 'hours', 320, 0, NULL, 0),
(83, 4, 'MK-S-IA-A', 'Ipari automatizálás ajánlott ismeretek', NULL, 'required', 'MK-S-IA-A', 'credits', 27, 1, 'MK-S-IA', 0),
(84, 4, 'MK-S-IA-S', 'Ipari automatizálás választható tárgyai', NULL, 'required', 'MK-S-IA-S', 'credits', 0, 1, 'MK-S-IA', 0),
(85, 4, 'MK-SZV', 'Szabadon választható tárgyak', NULL, 'optional', 'MK-SZV', 'credits', 10, 1, NULL, 0),
(86, 4, 'MK-SZG', 'Szakmai gyakorlat', NULL, 'practice', 'MK-SZG', 'hours', 240, 1, NULL, 0),
(87, 4, 'MK-SZD', 'Szakdolgozat', NULL, 'required', 'MK-SZD', 'credits', 15, 1, NULL, 0),
(88, 4, 'MK-ISZKT', 'Szaknyelvi követelmény-Informatika', NULL, 'required', 'MK-ISZKT', 'credits', 0, 1, NULL, 0),
(369, 3, 'MK-ALA', 'Kötelezően teljesítendő matematika és számítástudományi ismeretek', NULL, 'required', 'MK-ALA', 'credits', 34, 1, NULL, 0),
(370, 3, 'MK-SZT', 'Kötelező informatikai ismeretek', NULL, 'required', 'MK-SZT', 'credits', 50, 1, NULL, 0),
(371, 3, 'MK-SZT-P', 'Kötelező programozási ismeretek', NULL, 'required', 'MK-SZT-P', 'credits', 14, 1, 'MK-SZT', 0),
(372, 3, 'MK-DSZ', 'Differenciált szakmai ismeretek', NULL, 'required', 'MK-DSZ', 'credits', 66, 1, NULL, 0),
(373, 3, 'MK-DIF-MATSZT', 'Ajánlott differenciált matematikai és számítástudományi ismeretek', NULL, 'required', 'MK-DIF-MATSZT', 'credits', 26, 1, 'MK-DSZ', 0),
(374, 3, 'MK-DIF-MATSZT-SZT', 'Számítástudományi ismeretek', NULL, 'required', 'MK-DIF-MATSZT-SZT', 'credits', 5, 1, 'MK-DIF-MATSZT', 0),
(375, 3, 'MK-DIF-INF', 'Ajánlott differenciált informatikai ismeretek', NULL, 'required', 'MK-DIF-INF', 'credits', 25, 1, 'MK-DSZ', 0),
(376, 3, 'MK-DIF-EGYEB', 'Differenciált ismeretek: egyéb', NULL, 'required', 'MK-DIF-EGYEB', 'credits', 0, 1, 'MK-DSZ', 0),
(377, 3, 'MK-TEGO', 'Tehetséggondozó technikai kurzusok', NULL, 'elective', 'MK-TEGO', 'credits', 0, 1, 'MK-DSZ', 0),
(378, 3, 'MK-S-SZF', 'Szoftverfejlesztés specializáció', NULL, 'elective', 'MK-S-SZF', 'credits', 0, 1, 'MK-DSZ', 1),
(379, 3, 'MK-S-SZF-MATSZT', 'Szoftverfejlesztés - differenciált matematikai és számítástudományi ismeretek', NULL, 'required', 'MK-S-SZF-MATSZT', 'credits', 14, 1, 'MK-S-SZF', 0),
(380, 3, 'MK-S-SZF-MATSZT-A', 'Szoftverfejlesztés - ajánlott matematikai és számítástudományi ismeretek', NULL, 'required', 'MK-S-SZF-MATSZT-A', 'credits', 11, 1, 'MK-S-SZF-MATSZT', 0),
(381, 3, 'MK-S-SZF-MATSZT-S', 'Szoftverfejlesztés - egyéb matematikai és számítástudományi ismeretek', NULL, 'elective', 'MK-S-SZF-MATSZT-S', 'credits', 0, 1, 'MK-S-SZF-MATSZT', 0),
(382, 3, 'MK-S-SZF-INF', 'Szoftverfejlesztés - differenciált informatikai ismeretek', NULL, 'required', 'MK-S-SZF-INF', 'credits', 38, 1, 'MK-S-SZF', 0),
(383, 3, 'MK-S-SZF-INF-A', 'Szoftverfejlesztés - ajánlott informatikai ismeretek', NULL, 'required', 'MK-S-SZF-INF-A', 'credits', 30, 1, 'MK-S-SZF-INF', 0),
(384, 3, 'MK-S-SZF-INF-S', 'Szoftverfejlesztés - egyéb informatikai ismeretek', NULL, 'elective', 'MK-S-SZF-INF-S', 'credits', 0, 1, 'MK-S-SZF-INF', 0),
(385, 3, 'MK-S-MOD', 'Informatikai modellalkotás specializáció', NULL, 'elective', 'MK-S-MOD', 'credits', 0, 1, 'MK-DSZ', 1),
(386, 3, 'MK-S-MOD-MATSZT', 'Modellalkotás - differenciált matematikai és számítástudományi ismeretek', NULL, 'required', 'MK-S-MOD-MATSZT', 'credits', 29, 1, 'MK-S-MOD', 0),
(387, 3, 'MK-S-MOD-MATSZT-A', 'Modellalkotás - ajánlott matematikai és számítástudományi ismeretek', NULL, 'required', 'MK-S-MOD-MATSZT-A', 'credits', 8, 1, 'MK-S-MOD-MATSZT', 0),
(388, 3, 'MK-S-MOD-MATSZT-S', 'Modellalkotás - egyéb matematikai és számítástudományi ismeretek', NULL, 'elective', 'MK-S-MOD-MATSZT-S', 'credits', 0, 1, 'MK-S-MOD-MATSZT', 0),
(389, 3, 'MK-S-MOD-INF', 'Modellalkotás - differenciált informatikai ismeretek', NULL, 'required', 'MK-S-MOD-INF', 'credits', 23, 1, 'MK-S-MOD', 0),
(390, 3, 'MK-S-MOD-INF-A', 'Modellalkotás - ajánlott informatikai ismeretek', NULL, 'required', 'MK-S-MOD-INF-A', 'credits', 17, 1, 'MK-S-MOD-INF', 0),
(391, 3, 'MK-S-MOD-INF-S', 'Modellalkotás - egyéb informatikai ismeretek', NULL, 'elective', 'MK-S-MOD-INF-S', 'credits', 0, 1, 'MK-S-MOD-INF', 0),
(392, 3, 'MK-S-KEP', 'Képfeldolgozás specializáció', NULL, 'elective', 'MK-S-KEP', 'credits', 0, 1, 'MK-DSZ', 1),
(393, 3, 'MK-S-KEP-MATSZT', 'Képfeldolgozás - differenciált matematikai és számítástudományi ismeretek', NULL, 'required', 'MK-S-KEP-MATSZT', 'credits', 14, 1, 'MK-S-KEP', 0),
(394, 3, 'MK-S-KEP-MATSZT-A', 'Képfeldolgozás - ajánlott matematikai és számítástudományi ismeretek', NULL, 'required', 'MK-S-KEP-MATSZT-A', 'credits', 8, 1, 'MK-S-KEP-MATSZT', 0),
(395, 3, 'MK-S-KEP-MATSZT-S', 'Képfeldolgozás - egyéb matematikai és számítástudományi ismeretek', NULL, 'elective', 'MK-S-KEP-MATSZT-S', 'credits', 0, 1, 'MK-S-KEP-MATSZT', 0),
(396, 3, 'MK-S-KEP-INF', 'Képfeldolgozás - differenciált informatikai ismeretek', NULL, 'required', 'MK-S-KEP-INF', 'credits', 38, 1, 'MK-S-KEP', 0),
(397, 3, 'MK-S-KEP-INF-A', 'Képfeldolgozás - ajánlott informatikai ismeretek', NULL, 'elective', 'MK-S-KEP-INF-A', 'credits', 18, 1, 'MK-S-KEP-INF', 0),
(398, 3, 'MK-S-KEP-INF-S', 'Képfeldolgozás - egyéb informatikai ismeretek', NULL, 'elective', 'MK-S-KEP-INF-S', 'credits', 0, 1, 'MK-S-KEP-INF', 0),
(399, 3, 'MK-S-MI', 'Mesterséges intelligencia specializáció', NULL, 'elective', 'MK-S-MI', 'credits', 0, 1, 'MK-DSZ', 1),
(400, 3, 'MK-S-MI-MATSZT', 'Mesterséges intelligencia - differenciált matematikai és számítástudományi ismeretek', NULL, 'required', 'MK-S-MI-MATSZT', 'credits', 17, 1, 'MK-S-MI', 0),
(401, 3, 'MK-S-MI-MATSZT-A', 'Mesterséges intelligencia - ajánlott matematikai és számítástudományi ismeretek', NULL, 'required', 'MK-S-MI-MATSZT-A', 'credits', 12, 1, 'MK-S-MI-MATSZT', 0),
(402, 3, 'MK-S-MI-MATSZT-S', 'Mesterséges intelligencia - egyéb matematikai és számítástudományi ismeretek', NULL, 'elective', 'MK-S-MI-MATSZT-S', 'credits', 0, 1, 'MK-S-MI-MATSZT', 0),
(403, 3, 'MK-S-MI-INF', 'Mesterséges intelligencia - differenciált informatikai ismeretek', NULL, 'required', 'MK-S-MI-INF', 'credits', 35, 1, 'MK-S-MI', 0),
(404, 3, 'MK-S-MI-INF-A', 'Mesterséges intelligencia - ajánlott informatikai ismeretek', NULL, 'required', 'MK-S-MI-INF-A', 'credits', 17, 1, 'MK-S-MI-INF', 0),
(405, 3, 'MK-S-MI-INF-S', 'Mesterséges intelligencia - egyéb informatikai ismeretek', NULL, 'required', 'MK-S-MI-INF-S', 'credits', 0, 1, 'MK-S-MI-INF', 0),
(406, 3, 'MK-SZV', 'Szabadon választott tárgyak', NULL, 'optional', 'MK-SZV', 'credits', 10, 1, NULL, 0),
(407, 3, 'MK-SZG', 'Szakmai gyakorlat', NULL, 'practice', 'MK-SZG', 'hours', 320, 1, NULL, 0),
(408, 3, 'MK-SZD', 'Szakdolgozat', NULL, 'required', 'MK-SZD', 'credits', 20, 1, NULL, 0),
(409, 8, 'MK-NSC', 'Foundation studies', NULL, 'required', 'MK-NSC', 'credits', 23, 1, NULL, 0),
(410, 8, 'MK-COR', 'Compulsory core courses', NULL, 'required', 'MK-COR', 'credits', 24, 1, NULL, 0),
(411, 8, 'MK-ELE', 'Elective core courses', NULL, 'elective', 'MK-ELE', 'credits', 37, 1, NULL, 0),
(412, 8, 'MK-ELI', 'Elective IT courses', NULL, 'elective', 'MK-ELI', 'credits', 24, 1, 'MK-ELE', 0),
(413, 8, 'MK-ELM', 'Elective mathematics and computer science courses', NULL, 'elective', 'MK-ELM', 'credits', 13, 1, 'MK-ELE', 0),
(414, 8, 'MK-THE', 'Thesis', NULL, 'required', 'MK-THE', 'credits', 30, 1, NULL, 0),
(415, 8, 'MK-ELG', 'Elective general courses', NULL, 'optional', 'MK-ELG', 'credits', 6, 1, NULL, 0),
(416, 8, 'IMEN320G-00001', 'Professional training', 'Professional training', 'required', 'Prof_train', 'hours', 320, 1, NULL, 0);

-- --------------------------------------------------------

--
-- Tábla szerkezet ehhez a táblához `progress`
--

DROP TABLE IF EXISTS `progress`;
CREATE TABLE `progress` (
  `id` int(11) NOT NULL,
  `user_id` int(11) NOT NULL,
  `course_id` int(11) NOT NULL,
  `completed_semester` int(11) NOT NULL DEFAULT 0,
  `status` enum('completed','in_progress','pending') NOT NULL,
  `points` int(11) NOT NULL
) ENGINE=InnoDB DEFAULT CHARSET=utf8mb4 COLLATE=utf8mb4_general_ci;

--
-- A tábla adatainak kiíratása `progress`
--

INSERT INTO `progress` (`id`, `user_id`, `course_id`, `completed_semester`, `status`, `points`) VALUES
(252, 60, 204, 0, 'completed', 5),
(253, 60, 74, 3, 'completed', 6),
(254, 57, 172, 2, 'completed', 3),
(255, 57, 173, 2, 'completed', 3),
(256, 57, 142, 1, 'completed', 3),
(257, 57, 143, 1, 'completed', 3),
(258, 57, 211, 1, 'completed', 3),
(259, 57, 208, 100, 'in_progress', 2),
(260, 57, 134, 1, 'completed', 5),
(261, 57, 135, 1, 'completed', 5),
(262, 57, 104, 1, 'completed', 5),
(263, 57, 121, 1, 'completed', 5),
(264, 57, 147, 1, 'completed', 5),
(265, 57, 138, 2, 'completed', 3),
(266, 57, 139, 2, 'completed', 3),
(267, 57, 107, 2, 'completed', 3),
(268, 57, 108, 2, 'completed', 3),
(269, 57, 78, 2, 'completed', 3),
(270, 57, 70, 1, 'completed', 5),
(271, 57, 71, 1, 'completed', 5),
(272, 57, 64, 1, 'completed', 5),
(273, 57, 65, 1, 'completed', 5),
(274, 57, 136, 2, 'in_progress', 2),
(275, 57, 137, 2, 'in_progress', 2),
(276, 57, 117, 2, 'in_progress', 2),
(277, 57, 118, 2, 'in_progress', 2),
(278, 57, 79, 1, 'completed', 6),
(279, 57, 80, 1, 'completed', 6),
(280, 57, 82, 2, 'in_progress', 2),
(281, 57, 66, 2, 'in_progress', 2),
(282, 57, 67, 2, 'in_progress', 2),
(283, 57, 115, 1, 'completed', 6),
(284, 57, 116, 1, 'completed', 6),
(285, 57, 74, 2, 'completed', 6),
(286, 57, 75, 2, 'completed', 6),
(287, 57, 128, 2, 'in_progress', 2),
(288, 57, 129, 2, 'in_progress', 2),
(289, 57, 209, 6, 'completed', 5),
(290, 17, 93, 1, 'completed', 3),
(291, 17, 135, 1, 'in_progress', 2),
(292, 17, 104, 1, 'in_progress', 2),
(293, 17, 121, 1, 'in_progress', 2),
(294, 17, 147, 1, 'in_progress', 2),
(295, 17, 138, 1, 'in_progress', 2),
(296, 17, 139, 1, 'in_progress', 2),
(297, 17, 107, 1, 'in_progress', 2),
(298, 17, 108, 1, 'in_progress', 2),
(299, 17, 151, 1, 'in_progress', 2),
(300, 17, 150, 1, 'in_progress', 2),
(301, 17, 126, 3, 'completed', 5),
(302, 17, 127, 1, 'completed', 6),
(422, 161, 614, 100, 'in_progress', 2),
(423, 161, 637, 1, 'completed', 6),
(424, 161, 584, 1, 'completed', 0),
(425, 161, 599, 1, 'completed', 0),
(426, 161, 597, 1, 'completed', 0),
(427, 161, 598, 1, 'completed', 0),
(428, 161, 590, 1, 'completed', 0),
(429, 161, 589, 1, 'completed', 0),
(430, 161, 587, 1, 'completed', 0),
(431, 161, 588, 1, 'completed', 0),
(432, 161, 586, 1, 'completed', 0),
(433, 161, 585, 1, 'completed', 0),
(434, 161, 642, 1, 'completed', 0),
(435, 161, 592, 1, 'completed', 0),
(436, 161, 591, 1, 'completed', 0),
(437, 161, 622, 1, 'completed', 0),
(438, 161, 621, 1, 'completed', 0),
(439, 161, 594, 2, 'completed', 0),
(440, 161, 593, 2, 'completed', 0),
(441, 161, 602, 2, 'completed', 0),
(442, 161, 603, 2, 'completed', 0),
(443, 161, 625, 2, 'completed', 0),
(444, 161, 626, 2, 'completed', 0),
(445, 161, 596, 2, 'completed', 0),
(446, 161, 632, 4, 'completed', 0),
(447, 161, 631, 4, 'completed', 0),
(448, 161, 640, 2, 'completed', 0),
(449, 161, 641, 2, 'completed', 0),
(450, 161, 619, 1, 'completed', 0),
(451, 161, 618, 1, 'completed', 0),
(452, 161, 600, 2, 'completed', 0),
(453, 161, 601, 2, 'completed', 0),
(454, 161, 604, 2, 'completed', 0),
(455, 161, 605, 2, 'completed', 0),
(456, 161, 624, 1, 'completed', 0),
(457, 161, 627, 3, 'completed', 0),
(458, 161, 628, 3, 'completed', 0),
(459, 161, 611, 3, 'completed', 0),
(460, 161, 610, 3, 'completed', 0);

-- --------------------------------------------------------

--
-- Tábla szerkezet ehhez a táblához `users`
--

DROP TABLE IF EXISTS `users`;
CREATE TABLE `users` (
  `id` int(11) NOT NULL,
  `uid` varchar(64) NOT NULL,
  `email` varchar(255) NOT NULL,
  `password_hash` text NOT NULL,
  `name` varchar(100) NOT NULL,
  `birth_date` date NOT NULL,
  `id_card_number` varchar(20) NOT NULL,
  `address_card_number` varchar(20) NOT NULL,
  `mothers_name` varchar(100) NOT NULL,
  `major` varchar(255) NOT NULL,
  `chosen_specialization_code` varchar(80) DEFAULT NULL,
  `verified` tinyint(1) NOT NULL DEFAULT 0,
  `role` enum('user','admin') NOT NULL DEFAULT 'user',
  `created_at` datetime NOT NULL DEFAULT current_timestamp(),
  `verify_token` varchar(255) DEFAULT NULL,
  `reset_token` varchar(255) DEFAULT NULL,
  `reset_token_expires` datetime DEFAULT NULL,
  `anonymous_name` varchar(32) DEFAULT NULL
) ENGINE=InnoDB DEFAULT CHARSET=utf8mb4 COLLATE=utf8mb4_general_ci;

--
-- A tábla adatainak kiíratása `users`
--

INSERT INTO `users` (`id`, `uid`, `email`, `password_hash`, `name`, `birth_date`, `id_card_number`, `address_card_number`, `mothers_name`, `major`, `chosen_specialization_code`, `verified`, `role`, `created_at`, `verify_token`, `reset_token`, `reset_token_expires`, `anonymous_name`) VALUES
(17, 'HEZUGM', 'harkai.dominik0@gmail.com', '$2b$12$mUCWEDE42qdr3F0YwP6aIeOT.D4euqde0fEliglfnGi8YgS5FsQA.', 'Harkai Dominik', '2001-11-11', '111111NE', '111111KE', 'Sári Erzsébet', 'Computer Science', NULL, 1, 'admin', '2025-06-23 13:00:23', NULL, NULL, NULL, 'Anon#17245'),
(26, 'GBG15D', 'buskristof415@gmail.com', '$2b$12$NUchDWz./DzCW1uSReElDOqlyjcMQ.IOyvaiuv2VWN.kb6fUy3pLi', 'Bús Kristóf', '2010-06-11', '666666AD', '666666AD', 'Lakatos Máriané', 'Mérnökinformatikus', NULL, 1, 'user', '2025-06-24 22:42:08', NULL, NULL, NULL, NULL),
(52, 'ASDFGH', 'harkai.dominik69@gmail.com', '$2b$12$V0INM6eJi6K7iRVwURKAPOnKmaJcN.QuhBUDp6SVrUgRHgdlc7vqq', 'Pityi Palkó', '2001-11-11', '123456EE', '123456EE', 'Csereeps Virág', 'Gazdaságinformatikus', NULL, 1, 'user', '2025-07-06 11:52:49', NULL, NULL, NULL, NULL),
(53, 'GBG16D', 'zsomle401@gmail.com', '$2b$12$uL0o.b9hHlo/XXnh6bMmveEw/oVEcFYIgCwoCrLlyDnSYCBQwlhKm', 'József Mária', '2003-06-04', '666666ZZ', '666666ZZ', 'Mária király', 'Programtervező informatikus', NULL, 1, 'user', '2025-07-06 22:58:11', NULL, NULL, NULL, NULL),
(55, 'KUR013', 'racikaw@gmail.com', '$2b$12$rxqdS4vcvvHOVs0zFxo5T.XuKHOXC7qDQxS8/7yUPIyM2TPxEwfia', 'Szeret Elek', '1999-06-11', '123456AB', '123456AB', 'Arika Corba', 'Villamosmérnök', NULL, 1, 'user', '2025-07-11 21:10:24', NULL, NULL, NULL, NULL),
(57, 'VALAKI', 'kiss.evelin2007@gmail.com', '$2b$12$lHg1SyXD.83Xq0I/kGyZ2ufX2Lkox7.Pf.CbziCyB9NxtiiAK7ivS', 'Valaki Vagyokk', '2001-11-11', '112233AE', '112233AE', 'Nemtudom Ki Ez Te', 'Gazdaságinformatikus', NULL, 1, 'user', '2025-07-11 22:13:44', '83c72b35-ddd1-4845-847b-8a33e8cba88c', NULL, NULL, 'Anon#57875'),
(60, 'ASDQWE', 'azulref2@gmail.com', '$2b$12$ES0MpqwrIw4SNMvhWl2FsOvgITbJN.BhZq.FaCQEJfE3WrXnl1wgi', 'Kiss Ágota', '2002-06-06', '456789TE', '216546ZE', 'Valami Anyuka', 'Gazdaságinformatikus', NULL, 1, 'user', '2025-10-18 00:10:19', NULL, NULL, NULL, NULL),
(161, 'QAWSED', 'azulraidshadowlegends@gmail.com', '$2b$12$LTE5xrDwFQudFsFgEIAZFObSTHiQPv61jZJdHQ6PErBrFxinh.70K', 'Brian Were Barasa', '2000-09-03', '123654RE', '123215RE', 'Azul Anyuka', 'Computer Science', 'NONE', 1, 'user', '2026-03-24 08:50:23', NULL, NULL, NULL, NULL);

--
-- Indexek a kiírt táblákhoz
--

--
-- A tábla indexei `chat_messages`
--
ALTER TABLE `chat_messages`
  ADD PRIMARY KEY (`id`),
  ADD KEY `fk_reply_to_message` (`reply_to_id`),
  ADD KEY `fk_chat_messages_user` (`user_id`);

--
-- A tábla indexei `chat_reaction`
--
ALTER TABLE `chat_reaction`
  ADD PRIMARY KEY (`id`),
  ADD UNIQUE KEY `message_id` (`message_id`,`user_id`),
  ADD KEY `user_id` (`user_id`);

--
-- A tábla indexei `courses`
--
ALTER TABLE `courses`
  ADD PRIMARY KEY (`id`),
  ADD UNIQUE KEY `course_code` (`course_code`);

--
-- A tábla indexei `course_equivalence`
--
ALTER TABLE `course_equivalence`
  ADD PRIMARY KEY (`id`),
  ADD KEY `course_id` (`course_id`),
  ADD KEY `equivalent_course_id` (`equivalent_course_id`),
  ADD KEY `major_id` (`major_id`);

--
-- A tábla indexei `course_major`
--
ALTER TABLE `course_major`
  ADD PRIMARY KEY (`id`),
  ADD KEY `fk_course` (`course_id`),
  ADD KEY `fk_major` (`major_id`);

--
-- A tábla indexei `majors`
--
ALTER TABLE `majors`
  ADD PRIMARY KEY (`id`);

--
-- A tábla indexei `major_requirement_rules`
--
ALTER TABLE `major_requirement_rules`
  ADD PRIMARY KEY (`id`),
  ADD KEY `idx_major_requirement_rules_major_id` (`major_id`);

--
-- A tábla indexei `progress`
--
ALTER TABLE `progress`
  ADD PRIMARY KEY (`id`),
  ADD KEY `user_id` (`user_id`),
  ADD KEY `course_id` (`course_id`);

--
-- A tábla indexei `users`
--
ALTER TABLE `users`
  ADD PRIMARY KEY (`id`),
  ADD UNIQUE KEY `email` (`email`),
  ADD UNIQUE KEY `anonymous_name` (`anonymous_name`);

--
-- A kiírt táblák AUTO_INCREMENT értéke
--

--
-- AUTO_INCREMENT a táblához `chat_messages`
--
ALTER TABLE `chat_messages`
  MODIFY `id` int(11) NOT NULL AUTO_INCREMENT, AUTO_INCREMENT=78;

--
-- AUTO_INCREMENT a táblához `chat_reaction`
--
ALTER TABLE `chat_reaction`
  MODIFY `id` int(11) NOT NULL AUTO_INCREMENT, AUTO_INCREMENT=29;

--
-- AUTO_INCREMENT a táblához `courses`
--
ALTER TABLE `courses`
  MODIFY `id` int(11) NOT NULL AUTO_INCREMENT, AUTO_INCREMENT=646;

--
-- AUTO_INCREMENT a táblához `course_equivalence`
--
ALTER TABLE `course_equivalence`
  MODIFY `id` int(11) NOT NULL AUTO_INCREMENT, AUTO_INCREMENT=7;

--
-- AUTO_INCREMENT a táblához `course_major`
--
ALTER TABLE `course_major`
  MODIFY `id` int(11) NOT NULL AUTO_INCREMENT, AUTO_INCREMENT=3120;

--
-- AUTO_INCREMENT a táblához `majors`
--
ALTER TABLE `majors`
  MODIFY `id` int(11) NOT NULL AUTO_INCREMENT, AUTO_INCREMENT=9;

--
-- AUTO_INCREMENT a táblához `major_requirement_rules`
--
ALTER TABLE `major_requirement_rules`
  MODIFY `id` int(11) NOT NULL AUTO_INCREMENT, AUTO_INCREMENT=417;

--
-- AUTO_INCREMENT a táblához `progress`
--
ALTER TABLE `progress`
  MODIFY `id` int(11) NOT NULL AUTO_INCREMENT, AUTO_INCREMENT=461;

--
-- AUTO_INCREMENT a táblához `users`
--
ALTER TABLE `users`
  MODIFY `id` int(11) NOT NULL AUTO_INCREMENT, AUTO_INCREMENT=162;

--
-- Megkötések a kiírt táblákhoz
--

--
-- Megkötések a táblához `chat_messages`
--
ALTER TABLE `chat_messages`
  ADD CONSTRAINT `fk_chat_messages_user` FOREIGN KEY (`user_id`) REFERENCES `users` (`id`) ON DELETE CASCADE,
  ADD CONSTRAINT `fk_messages_user` FOREIGN KEY (`user_id`) REFERENCES `users` (`id`) ON DELETE CASCADE,
  ADD CONSTRAINT `fk_reply_to_message` FOREIGN KEY (`reply_to_id`) REFERENCES `chat_messages` (`id`) ON DELETE SET NULL;

--
-- Megkötések a táblához `chat_reaction`
--
ALTER TABLE `chat_reaction`
  ADD CONSTRAINT `chat_reaction_ibfk_1` FOREIGN KEY (`message_id`) REFERENCES `chat_messages` (`id`) ON DELETE CASCADE,
  ADD CONSTRAINT `chat_reaction_ibfk_2` FOREIGN KEY (`user_id`) REFERENCES `users` (`id`) ON DELETE CASCADE;

--
-- Megkötések a táblához `course_equivalence`
--
ALTER TABLE `course_equivalence`
  ADD CONSTRAINT `course_equivalence_ibfk_1` FOREIGN KEY (`course_id`) REFERENCES `courses` (`id`) ON DELETE CASCADE,
  ADD CONSTRAINT `course_equivalence_ibfk_2` FOREIGN KEY (`equivalent_course_id`) REFERENCES `courses` (`id`) ON DELETE CASCADE,
  ADD CONSTRAINT `course_equivalence_ibfk_3` FOREIGN KEY (`major_id`) REFERENCES `majors` (`id`) ON DELETE CASCADE;

--
-- Megkötések a táblához `course_major`
--
ALTER TABLE `course_major`
  ADD CONSTRAINT `fk_course` FOREIGN KEY (`course_id`) REFERENCES `courses` (`id`) ON DELETE CASCADE,
  ADD CONSTRAINT `fk_major` FOREIGN KEY (`major_id`) REFERENCES `majors` (`id`) ON DELETE CASCADE;

--
-- Megkötések a táblához `major_requirement_rules`
--
ALTER TABLE `major_requirement_rules`
  ADD CONSTRAINT `fk_major_requirement_rules_major` FOREIGN KEY (`major_id`) REFERENCES `majors` (`id`) ON DELETE CASCADE;

--
-- Megkötések a táblához `progress`
--
ALTER TABLE `progress`
  ADD CONSTRAINT `progress_ibfk_1` FOREIGN KEY (`user_id`) REFERENCES `users` (`id`) ON DELETE CASCADE,
  ADD CONSTRAINT `progress_ibfk_2` FOREIGN KEY (`course_id`) REFERENCES `courses` (`id`);
COMMIT;

/*!40101 SET CHARACTER_SET_CLIENT=@OLD_CHARACTER_SET_CLIENT */;
/*!40101 SET CHARACTER_SET_RESULTS=@OLD_CHARACTER_SET_RESULTS */;
/*!40101 SET COLLATION_CONNECTION=@OLD_COLLATION_CONNECTION */;
